,aa_id,pdb_id,chain_id,pos,wtAA,prAA,wt_prob,pred_prob,avg_log_ratio,prALA,prARG,prASN,prASP,prCYS,prGLN,prGLU,prGLY,prHIS,prILE,prLEU,prLYS,prMET,prPHE,prPRO,prSER,prTHR,prTRP,prTYR,prVAL
0,1behA_2_1500_A,1behA_2_1500,A,1,SER,ASN,0.062095360466666666,0.3014441766666667,2.225,0.0115789935,0.0005337287533333333,0.3014441766666667,0.017622862933333334,0.04645687166666667,0.06991247866666667,0.22422287520000003,0.0008166305267666668,0.0001987417,0.013301778799999999,0.007002098733333333,0.000100688859,0.0011652223333333334,5.161533733333334e-06,0.0026484260766666667,0.062095360466666666,0.10271747133333335,6.568938366666667e-06,1.12237585e-05,0.1381586353333333
1,1behA_2_1500_A,1behA_2_1500,A,2,ASP,ASP,0.9145395766666667,0.9145395766666667,0.0,0.0003400583743333333,0.0001032632319,0.073023873,0.9145395766666667,0.00548973828,0.0003704818554333333,0.002234329696,0.00014381492958333333,5.9146243499999995e-05,1.3445783680000001e-05,7.8946016e-05,0.0002246474207333333,0.00017016592923333333,1.4199430306666666e-05,2.9031692189999997e-05,0.002972297053333333,0.000114199143,5.581211943333333e-06,6.458852623333333e-06,6.672364946666666e-05
2,1behA_2_1500_A,1behA_2_1500,A,3,GLN,LEU,5.63134876e-05,0.9966773833333334,11.031,3.830036326666667e-06,1.6201455105666666e-06,0.00064439074,6.534731547666666e-06,1.9027826990000002e-05,5.63134876e-05,1.4605663946666667e-05,2.3730162566666663e-07,8.318507973333335e-06,0.0009152884199999999,0.9966773833333334,5.3693815448666676e-05,8.536441766666666e-05,1.9448494e-07,3.8949108632e-06,3.8383245816666665e-05,0.0013940192907000001,9.354114316666666e-09,1.46658206e-07,7.67232716e-05
3,1behA_2_1500_A,1behA_2_1500,A,4,LYS,SER,0.02208408766666667,0.4471942633333333,2.845,0.010681480266666666,0.008757674,0.15936896333333334,0.18754292333333333,0.0010995193,0.0048222506,0.03720255866666667,2.1528776600000004e-05,0.0002906274566666667,6.659300166666667e-05,0.0001123952,0.02208408766666667,0.00018327404,1.4745837000000003e-05,2.06595585e-05,0.4471942633333333,0.12006918033333334,4.299012533333334e-06,2.700603033333333e-05,0.00043595453
4,1behA_2_1500_A,1behA_2_1500,A,5,ALA,ALA,0.8059834266666668,0.8059834266666668,0.0,0.8059834266666668,3.9400194333333337e-07,6.081744766666667e-06,1.0627556666666666e-05,0.00156520221,6.10801656e-06,6.263713566666667e-06,0.010073143266666668,1.35402842e-07,3.9855519e-09,3.4894963199999997e-09,7.503726449999999e-07,1.926747146666667e-06,2.0162871966666665e-08,1.0314908766666665e-06,0.18231730933333334,2.7406703900000002e-05,5.4010429666666664e-09,1.5395782533333333e-08,1.3544931e-07
5,1behA_2_1500_A,1behA_2_1500,A,6,TRP,TRP,0.9982983500000001,0.9982983500000001,0.0,8.467735484333333e-10,3.441803234e-05,3.5418112746666667e-09,1.686919593e-10,1.8065317948666668e-09,1.10343086e-09,1.6239536613333332e-10,3.026335112333333e-11,6.8517452e-07,6.63282871e-10,6.978320273333333e-11,6.859828769333333e-09,5.1189069866666656e-08,0.00015820717333333333,1.0254251633333334e-11,1.0356320717666666e-10,3.74851604e-10,0.9982983500000001,0.0015083197999999998,1.1155363954666666e-08
6,1behA_2_1500_A,1behA_2_1500,A,7,ALA,ALA,0.3823857533333333,0.3823857533333333,0.0,0.3823857533333333,4.748158666666667e-06,0.010879057933333333,0.0162123798,0.14691994433333333,1.2790363766666667e-05,6.023464466666667e-05,0.17431998333333334,2.1268528316666664e-05,3.6988274999999994e-07,1.717914766666667e-06,4.728402786666667e-06,8.9684772e-06,1.7144773966666666e-06,8.5464131e-05,0.2668589633333333,0.0022090043666666667,1.45011068e-07,7.5626519e-07,1.2086407133333332e-05
7,1behA_2_1500_A,1behA_2_1500,A,8,SER,SER,0.8414984433333332,0.8414984433333332,0.0,0.0170829971,0.0003258874576666667,0.011348659166666669,0.11700238333333333,0.0015780218766666668,0.0010318022006666667,0.0033653116,0.00012372210966666666,0.00023229575833333331,2.5572629666666668e-06,1.124237498e-05,0.0011749308853333334,8.752204233333334e-05,1.557557593333333e-05,4.8856750999999995e-06,0.8414984433333332,0.005052788333333333,1.6477190733333334e-05,3.7038210533333334e-05,7.470609333333333e-06
8,1behA_2_1500_A,1behA_2_1500,A,9,TYR,TRP,0.33987000000000006,0.39253883333333334,0.111,0.0004987541166666666,0.017164531666666667,0.0008424868949999999,0.0007060120556666667,0.00011843108099999999,0.0024347773666666666,0.0040981844,3.0211332600000004e-05,0.02733239833333333,0.0004979647806666667,0.0012692606380000002,0.0025338340333333335,0.0010950474433333334,0.2072256133333333,1.5105891116666667e-05,0.0008480015433333333,0.0001776385756666667,0.39253883333333334,0.33987000000000006,0.0007029203666666666
9,1behA_2_1500_A,1behA_2_1500,A,10,LEU,LEU,0.99986388,0.99986388,0.0,6.60139832e-07,8.543670694333335e-08,5.829597643333333e-06,4.6771105080000006e-07,2.8294737199999997e-06,7.979902166666667e-06,1.7693930483333334e-06,3.016241324866667e-07,8.898676970666667e-06,1.134784126e-06,0.99986388,5.497674411333333e-07,8.793556276666667e-05,5.153283416333333e-06,2.0742955583333335e-08,8.737790066666666e-07,8.603415436666666e-06,1.1383961633666668e-07,2.1042150358e-06,8.471432234333333e-07
10,1behA_2_1500_A,1behA_2_1500,A,11,GLU,GLN,0.2514275666666667,0.26723308333333334,0.072,0.0013289187326666668,0.002628823,0.25461912000000003,0.19310121333333333,0.003701334166666667,0.26723308333333334,0.2514275666666667,3.355406846e-06,0.0002765794894333333,3.6599506600000003e-06,0.002733591593333333,0.006941075433333333,0.0005971752766666667,3.5609588543333336e-06,1.678496809e-06,0.014586227286666665,0.000752034388,3.7420162933333333e-06,3.6784214853333334e-06,5.3629596866666664e-05
11,1behA_2_1500_A,1behA_2_1500,A,12,LEU,LEU,0.9398909666666667,0.9398909666666667,0.0,0.0068284160666666665,0.0021963699323333335,0.007411221333333333,0.000170752585,0.03706238533333333,0.00048187484000000003,0.0005138035133333334,4.4053973e-05,0.00045737180966666665,0.0016927232733333335,0.9398909666666667,0.0008671764087333332,0.0004977060166666667,7.994969413333332e-06,6.861727933333333e-05,0.0005475762143333333,0.00038646569333333335,1.0904850028333335e-05,1.3689802853333334e-05,0.0008499457799999999
12,1behA_2_1500_A,1behA_2_1500,A,13,MET,GLU,0.00069099312,0.36735473999999996,6.159,7.44400631e-06,0.000137822975,0.35647135,0.22655588333333335,0.0007877632866666668,0.012903325299999999,0.36735473999999996,4.4634332833333337e-07,0.00010874397333333332,6.232139486666667e-05,0.014819238999999998,0.00212868855,0.00069099312,3.963338466666667e-06,1.9153575733333334e-06,7.681091133333333e-05,0.017833232333333334,2.2448085666666667e-07,2.2525369333333334e-06,5.285157733333333e-05
13,1behA_2_1500_A,1behA_2_1500,A,14,HIS,LYS,0.10230018,0.6448622233333333,1.851,3.5987367233333336e-06,0.04844483033333333,0.019125605333333334,0.004557341133333334,8.591234566666666e-05,0.046219738333333336,0.018539685,1.3011639e-06,0.10230018,0.0009688647833333333,0.0094852545,0.6448622233333333,0.0055482619666666665,0.046256211666666665,3.286837606666667e-06,6.352401866666667e-06,0.00013827022883333335,0.004824828333333333,0.04848059166666666,0.00014773319633333334
14,1behA_2_1500_A,1behA_2_1500,A,15,ASP,VAL,0.0036582426666666667,0.5241546166666666,5.042,3.6273274e-05,0.00022778334323333334,0.004086390816666666,0.0036582426666666667,0.0009203849,0.014687860313333334,0.053822330013333336,3.1472223666666663e-06,0.00043445724583333336,0.3590666533333333,0.009504050706666668,0.00013378771666666667,0.00369348374,2.642981196666667e-05,1.5519284866666668e-05,0.0005543251333333332,0.024933765333333333,8.481760346666666e-06,3.20892713e-05,0.5241546166666666
15,1behA_2_1500_A,1behA_2_1500,A,16,ASP,ASP,0.6890130566666667,0.6890130566666667,0.0,0.00016648324166666664,1.4614171033333335e-06,0.0015842298299999999,0.6890130566666667,0.007582043966666666,0.00014348619600000002,0.08433909246666667,1.3383302666666668e-05,3.850366773333333e-06,0.00010029384096666668,2.4381532533333337e-06,5.071827533333333e-07,6.9464231e-06,1.898473304e-07,3.6345805000000003e-06,0.0004063171306666667,0.21516446,5.1280158766666664e-08,5.682298963333333e-08,0.0014679954433333333
16,1behA_2_1500_A,1behA_2_1500,A,17,GLU,THR,0.008509785666666667,0.39711771,3.787,0.0033527447666666667,0.00084046672,0.0045403256,0.003916812166666666,0.0011509274766666666,0.002752017233333333,0.008509785666666667,1.616239233333333e-05,0.0004232502133333333,0.171157558,0.0012311821866666667,0.0019135799333333335,0.0003741027833333334,5.219160733333333e-05,6.992459266666667e-05,0.009418989966666666,0.39711771,9.416858666666666e-06,5.3063347e-05,0.3930997666666667
17,1behA_2_1500_A,1behA_2_1500,A,18,LYS,LYS,0.3108023633333333,0.3108023633333333,0.0,1.7510507333333334e-08,0.30117011666666665,5.70454766e-07,3.3367899866666664e-08,2.2024739433333334e-06,0.13326981666666668,0.004429656883333333,3.73774462e-09,3.594197846666667e-07,0.0011652253133333332,0.00019920553999999997,0.3108023633333333,0.24893493666666666,7.93126265e-08,2.439907804e-08,6.3628662e-08,6.66311895e-06,4.443694216666666e-06,1.0231758166666668e-07,1.4091194666666666e-05
18,1behA_2_1500_A,1behA_2_1500,A,19,PRO,PRO,0.9998663466666665,0.9998663466666665,0.0,1.6673696166666667e-05,1.6642121585666667e-10,1.4989821886666667e-08,8.654181071666667e-10,1.81573359e-05,1.8507747718333335e-09,2.3841133433e-09,2.0982384000000002e-08,1.641383935e-10,9.351397936733334e-09,1.4937475107333333e-09,9.7703566985e-11,3.7762092703333335e-09,7.936022058133334e-11,0.9998663466666665,2.193174822666667e-06,4.995888478333333e-06,6.968371532666667e-12,2.4805947970333335e-11,9.1615574855e-05
19,1behA_2_1500_A,1behA_2_1500,A,20,SER,ALA,0.09172360333333333,0.8923404033333333,2.507,0.8923404033333333,0.000170737175,3.880736566666667e-05,0.000272839539,0.0005350743966666667,0.0005785883000000001,0.0011022497936666667,0.0006353634366666667,7.202944756666666e-06,9.131403773333334e-06,6.0153777666666675e-06,0.00022315951333333334,3.794277926666667e-05,2.0647316093333334e-06,1.3345888400000002e-05,0.09172360333333333,0.012054588683333334,1.4561640066666664e-06,3.028761926666667e-06,0.0002444241266666667
20,1behA_2_1500_A,1behA_2_1500,A,21,MET,GLN,0.004631810513333333,0.50885931,5.694,6.885197166666667e-07,0.0002644011583333333,0.23390647066666667,0.0010955416433333332,3.820037116666666e-05,0.50885931,0.24589752466666667,2.1164211683333336e-08,0.0031563683,9.943533762e-07,1.3280319333333332e-05,0.0019460096333333333,0.004631810513333333,3.094243133333333e-06,1.23456839e-08,4.5832649999999996e-05,0.000131001747,2.561703116666667e-06,6.307121266666667e-06,5.956785339999999e-07
21,1behA_2_1500_A,1behA_2_1500,A,22,PRO,PRO,0.9999940366666666,0.9999940366666666,0.0,3.827974533333333e-06,1.9542006391666665e-09,8.445924683333334e-09,5.022636795e-09,1.64654598e-08,2.0758385060000002e-07,6.466207631666668e-07,2.1800472166666668e-08,3.390374024933333e-08,3.4186680099999993e-10,1.1563403916666666e-09,8.358945462333333e-09,1.0030741367666667e-08,1.4552884923666664e-09,0.9999940366666666,1.2188527e-06,2.9979334e-08,5.739662318e-11,1.4203615704666668e-09,4.355700635333333e-09
22,1behA_2_1500_A,1behA_2_1500,A,23,LEU,LEU,0.87274621,0.87274621,0.0,0.0002667679642333333,2.4482602e-07,6.090729416666668e-05,2.784230533333333e-07,0.018188554449999998,0.0006577161383333334,0.00018029387833333336,2.0937042866666666e-06,7.912267133333333e-06,2.528527466666667e-06,0.87274621,3.3461100766666668e-06,0.09745063133333333,1.4782927684999999e-05,3.9590496e-08,0.00011095827881000001,0.01029143224,1.0727909553333333e-07,9.41553545e-07,1.4244673666666667e-05
23,1behA_2_1500_A,1behA_2_1500,A,24,ASN,MET,0.0158158364,0.49395447900000006,3.507,1.2808660333333335e-06,0.00017460040066666666,0.0158158364,0.0013394373133333332,0.00015236821466666666,0.128665552,0.03345961666666667,2.29694249e-07,0.20570024666666667,0.00015382888033333334,0.10188562000000001,0.003693967266666667,0.49395447900000006,0.011724287666666666,1.9043729566666665e-06,2.7513826999999998e-05,2.845777666666667e-06,3.1730101666666665e-05,0.003213725066666667,9.463492066666666e-07
24,1behA_2_1500_A,1behA_2_1500,A,25,VAL,VAL,0.9730098866666667,0.9730098866666667,0.0,0.0008842455099999999,2.4865261676666663e-07,2.5462853803333336e-05,5.924323132666666e-06,0.0040611947,8.629840612e-07,1.5377779106666664e-06,1.49183335e-07,1.938511453333333e-07,0.00010112588236,7.456868880233334e-07,4.743105713333333e-07,9.400814845e-07,7.771373401666666e-08,3.2309843333333336e-07,0.00011951223166666666,0.021787103366666668,1.9212216060000002e-08,3.0656748213333335e-08,0.9730098866666667
25,1behA_2_1500_A,1behA_2_1500,A,26,TRP,TYR,0.31946416666666666,0.4147877,0.265,1.241928281e-06,0.049363887333333335,0.00011851628386666667,1.370721435e-05,3.395950846666667e-06,0.002158283966666667,0.00023769715333333335,5.3260973e-07,0.011812245966666668,2.9485901333333334e-05,5.6662344e-05,0.006417112833333333,0.0010487231333333334,0.19446880666666666,6.284501766666666e-07,2.4373649000000003e-06,7.180438566666666e-06,0.31946416666666666,0.4147877,7.563048866666667e-06
26,1behA_2_1500_A,1behA_2_1500,A,27,PHE,TYR,0.07978209666666666,0.9184346866666666,2.919,4.448254199999999e-12,7.4721528e-09,4.561886500000001e-09,7.249909233333333e-11,6.163571066666667e-11,3.3875456333333333e-09,2.0307007333333333e-09,1.7822115466666663e-12,2.373383226666667e-05,4.892832483333333e-11,7.485590000000001e-11,3.1594553566666666e-09,1.1047734499999999e-08,0.07978209666666666,5.940546133333334e-13,9.520698966666668e-11,6.06592599e-12,0.0017594723,0.9184346866666666,9.556568433333334e-12
27,1behA_2_1500_A,1behA_2_1500,A,28,HIS,LYS,0.058635084999999997,0.7853461666666667,3.234,0.0001235687021,0.084963815,0.016366686133333332,0.00171337027,9.26529966e-05,0.012149709833333334,0.007752989266666666,0.00029785792889,0.058635084999999997,2.5810573000000003e-06,0.0019400984933333335,0.7853461666666667,0.0008351243566666667,0.0009524970233333333,0.02726392650356667,7.579701983333332e-05,1.3172142366666667e-05,6.1059768e-05,0.0014112323633333331,2.6016959099999998e-06
28,1behA_2_1500_A,1behA_2_1500,A,29,GLU,GLU,0.92539332,0.92539332,0.0,5.318758966666667e-07,0.00028808171666666664,0.00063373814,0.0018494161833333333,6.7825548999999995e-06,0.022731003,0.92539332,1.53115303e-08,0.00022205214526666668,5.491962566666666e-06,0.0311360765,0.016783886600000002,0.0009277828800000001,7.516966343333333e-06,2.0871036133333333e-07,2.4981157666666667e-06,4.1876611666666663e-07,3.93916303e-06,6.805976143333333e-06,5.031887633333333e-07
29,1behA_2_1500_A,1behA_2_1500,A,30,THR,SER,0.103315196,0.38980466666666663,1.846,0.09496531533333334,2.8130058099999997e-05,0.023744353800000003,0.33264505333333333,0.019858170166666668,0.0022226494633333332,0.011876686400000001,0.00016892961699999998,0.0017493599133333333,0.003024996859,8.696629200000002e-05,0.00010461206064666668,0.00025283010866666665,2.3241691000000004e-05,4.7135905633333335e-05,0.38980466666666663,0.103315196,9.29631659e-06,1.7177718153333335e-05,0.016055257087333335
30,1behA_2_1500_A,1behA_2_1500,A,31,LYS,LYS,0.7736933233333333,0.7736933233333333,0.0,9.606715116666667e-07,0.18437325766666668,0.00030691340333333333,0.0003523921366666667,8.096477433333333e-06,0.02918284733333333,0.005728498933333333,5.127829366666667e-08,0.0013029196,4.372843823333334e-07,5.3433389666666665e-05,0.7736933233333333,0.0040981573666666665,0.0001404632733,1.26646102e-08,4.91492676e-06,5.4073524e-07,0.0005643191756666666,0.00018840569776666663,3.6719304123333334e-08
31,1behA_2_1500_A,1behA_2_1500,A,32,THR,VAL,0.014775778999999998,0.8916885166666666,4.506,0.00145236588,2.271603539e-05,0.008700312733333333,0.005358670343333333,0.003637407566666667,0.0014389932733333336,0.0007490032226666666,8.990342123333333e-05,6.824259829333333e-05,0.06655151833333334,0.0009174560156666667,2.3334306866666667e-05,0.00026876809366666667,6.3436218846666665e-06,0.00016815143599999998,0.0040743960433333335,0.014775778999999998,3.19936333e-06,4.911474945333333e-06,0.8916885166666666
32,1behA_2_1500_A,1behA_2_1500,A,33,GLN,GLU,0.048325158666666666,0.4681532533333333,2.347,0.0009407153666666666,0.026437825333333335,0.003838708366666666,0.35207871333333335,0.000315527841,0.048325158666666666,0.4681532533333333,8.242506186666667e-06,0.0034604168666666664,0.000110971765,0.0071792606,0.018873139466666664,0.05142087666666667,0.00040244222666666664,4.588688373333334e-05,0.007711479633333334,0.008550653133333334,0.0007342935093333333,0.0005295805066666666,0.0008828421399999999
33,1behA_2_1500_A,1behA_2_1500,A,34,TRP,TRP,0.52084747,0.52084747,0.0,2.5694169774666664e-06,0.026604632,0.0020357480566666666,0.00028550521966666666,1.066616816e-05,0.153136348,0.1749024133333333,9.410957273333333e-07,0.06907783333333334,0.00012056447433333333,0.0017714527160000001,0.0097177384,0.013981284833333335,0.014109510466666668,9.102154386666667e-07,6.804243253333334e-06,2.707588915e-05,0.52084747,0.013331605533333332,2.89505382e-05
34,1behA_2_1500_A,1behA_2_1500,A,35,LEU,LEU,0.9860414833333332,0.9860414833333332,0.0,0.0017556006886666666,1.5253856500000002e-07,0.010167822200000001,1.8370032176666664e-05,0.00019435490833333334,0.00018116837666666669,0.00022989226,4.61173419e-06,1.0637082666666666e-05,0.00017308064,0.9860414833333332,4.3761488066666663e-07,0.000283407152,4.127785766666667e-07,5.212760226666667e-07,0.00010236964450000001,0.0008142249166666667,2.1797823933333333e-08,7.653132133333334e-08,2.12871915e-05
35,1behA_2_1500_A,1behA_2_1500,A,36,GLY,GLY,1.0,1.0,0.0,3.732090142388333e-09,9.561840778329501e-14,1.806292124251043e-12,4.99553153772071e-12,2.09419926833e-12,1.4148715437339067e-13,2.763784943150387e-13,1.0,4.508748817438267e-14,1.13416660986332e-15,2.3182219322558165e-14,2.38058062919417e-13,1.5312586091933668e-14,4.4078134180078405e-14,4.635953479187e-13,4.380898395739567e-10,3.172876926307067e-13,2.4931866977828867e-15,1.0595938421860408e-14,1.0646830412362216e-14
36,1behA_2_1500_A,1behA_2_1500,A,37,HIS,ILE,0.015190526333333334,0.329660556,2.575,2.1891276933333336e-07,0.0008020467666666666,0.003263458166666667,0.0022014848433333334,4.523789743333333e-05,0.31097665,0.06609629233333332,6.893642199999998e-08,0.015190526333333334,0.329660556,0.24112302333333333,0.019882178900000002,0.004826213033333333,0.0024692983,4.636362916666667e-07,6.1399012e-06,0.0007305879233333333,5.6287316666666655e-05,0.0005032833666666667,0.0021660197
37,1behA_2_1500_A,1behA_2_1500,A,38,THR,GLN,0.021873257606666665,0.41281817,5.112,0.00022786138666666667,0.048581911,0.06065770733333334,0.0012063716299999998,0.0274841541,0.41281817,0.13122724,1.7171248500000002e-05,0.009543155666666666,0.014734831866666666,0.028537523233333334,0.18106584666666667,0.04302233533333333,0.00012770787066666668,9.004299000000002e-05,0.0015623117166666666,0.021873257606666665,0.00010446358,0.00012791252900000002,0.01699003402
38,1behA_2_1500_A,1behA_2_1500,A,39,SER,ALA,0.11536535200000002,0.6515844833333334,1.825,0.6515844833333334,6.391820680000001e-05,0.056687260666666676,0.0029980597,0.015607997333333332,0.055431601053333335,0.05955055683333333,0.00012629231866666667,4.648135266666667e-05,0.00045887972666666665,0.029101626062333335,3.8011267e-05,0.002111953718333333,1.7358238000000001e-06,4.0354019666666665e-05,0.11536535200000002,0.0076808186,9.242634033333334e-07,3.294239833333333e-06,0.0031003822999999997
39,1behA_2_1500_A,1behA_2_1500,A,40,GLU,THR,0.0001676747733333333,0.9970481633333333,8.776,4.2285019449999997e-07,5.421101933333333e-07,6.342999833333333e-06,2.75736178e-06,3.7180802233333333e-06,1.2582128e-05,0.0001676747733333333,3.4877297219999998e-09,5.661126005333334e-07,2.4886128066666666e-07,4.4284822666666665e-06,4.080790547666667e-06,3.1280017499999997e-06,2.0055425853333334e-08,3.890676404333333e-09,0.002743782199466667,0.9970481633333333,3.493508716666667e-09,3.825901786666667e-08,1.5315242633333336e-06
40,1behA_2_1500_A,1behA_2_1500,A,41,PRO,PRO,0.7610209566666666,0.7610209566666666,0.0,0.010282992343333333,5.70772086e-09,0.000441760328,1.02846538e-05,0.2280066059,1.2660625433333333e-06,3.701817993333333e-07,2.5275743333333334e-06,1.6331596266666663e-05,7.842167233333333e-08,6.852896333333333e-09,5.31467368e-09,2.79313306e-07,4.0740329333333334e-09,0.7610209566666666,0.00010869442699999997,1.0769021833333332e-05,8.576692099999999e-10,1.4334636633333332e-09,9.69911556e-05
41,1behA_2_1500_A,1behA_2_1500,A,42,ALA,ALA,0.4873148666666667,0.4873148666666667,0.0,0.4873148666666667,1.47085971982e-06,0.00031764835,0.0006751528666666668,0.10463181066666667,2.4978952373333334e-05,0.00015241508903333334,0.009276824893333334,5.912296122666667e-06,8.527550143333334e-07,1.0266355218433334e-06,8.165855979616668e-06,6.493829109e-06,3.7016186214666667e-07,1.9691167e-06,0.3934201,0.003710592086666667,3.1989140283333336e-08,4.558812879333333e-07,0.000448846667
42,1behA_2_1500_A,1behA_2_1500,A,43,LYS,GLN,0.016617569666666665,0.7098495533333334,3.752,1.3916890346666667e-07,4.776375383333333e-05,1.1800997023333333e-05,1.6524016343333333e-05,2.3770684700000003e-07,0.7098495533333334,0.2697477583333333,6.455992999333334e-10,7.4488167922e-06,2.7618376323333334e-08,7.7611454e-06,0.016617569666666665,0.003692418633333333,1.2335784809999998e-07,2.740930892666667e-09,2.831004483333333e-07,3.2622845200000004e-08,2.6842845393333335e-07,2.933594251e-07,8.036020711666666e-09
43,1behA_2_1500_A,1behA_2_1500,A,44,THR,VAL,0.018035363699999998,0.97929338,4.899,1.0749608999999999e-05,2.1373034333333332e-06,1.52712975e-05,4.529911276666667e-06,0.00037943910333333334,5.600877853333333e-06,5.0418089866666665e-06,2.7576289166666664e-08,2.8223915733333333e-07,0.002228103333333333,5.710227866666667e-07,3.005456234e-06,9.100365000000001e-06,7.356510266666666e-08,1.5835959000000002e-07,7.035638433333334e-06,0.018035363699999998,1.2995016666666668e-08,1.1321257009999998e-07,0.97929338
44,1behA_2_1500_A,1behA_2_1500,A,45,LYS,LYS,0.5319348933333333,0.5319348933333333,0.0,8.953824966666666e-07,0.035964153666666665,0.006089486473333333,0.0015342909133333332,0.00018079539833333334,0.3561212333333333,0.04662378283333334,1.8990219766666667e-08,0.0026361664333333333,0.0007872454626666666,0.00233732811,0.5319348933333333,0.014954935533333331,0.00017937163333333334,3.4269027e-08,4.988151700000001e-05,5.2478273e-06,1.86779565e-05,0.0003563535333333333,0.0002252448985
45,1behA_2_1500_A,1behA_2_1500,A,46,ALA,SER,0.26184999800000003,0.7242112466666666,1.126,0.26184999800000003,6.2149328e-06,0.00024503809666666664,0.0058156774,0.0012693633000000002,7.452214466666667e-06,7.3553809e-05,0.00041329772199999996,4.798102933333333e-07,1.5295027999999999e-07,4.905499233333333e-07,6.010565633333333e-06,1.7114884999999998e-06,6.397247566666667e-08,1.7513325400000002e-06,0.7242112466666666,0.0060762307333333335,3.5876323000000003e-08,8.9986359e-08,2.1108908333333332e-05
46,1behA_2_1500_A,1behA_2_1500,A,47,GLU,ALA,0.06725040233333333,0.39694842233333333,1.991,0.39694842233333333,0.00034546040266666663,0.040265233033333334,0.23062007462666667,0.013512596566666665,0.00435798894,0.06725040233333333,0.00010978197156666666,0.002852012274666667,0.0009968333278,0.0003750248596333333,0.00019189458433333334,0.001266424392,7.001083203333333e-05,8.83626877e-05,0.08146140466666667,0.15038276066666667,5.8234884389999995e-06,2.0947702166666666e-05,0.008878508443333334
47,1behA_2_1500_A,1behA_2_1500,A,48,SER,PRO,6.442889433333333e-06,0.9998943866666666,12.583,8.387902699999999e-05,6.4735279e-09,1.3633014466666667e-07,4.0995039833333334e-08,1.21238082e-05,1.7180918000000002e-07,1.06972188e-06,1.1164929166666666e-08,3.8526739533333333e-08,8.563989256666668e-09,3.7454363000000006e-08,1.2394535589999999e-08,1.8625290733333335e-07,9.6267018e-09,0.9998943866666666,6.442889433333333e-06,1.3435575999999999e-06,1.9048258199999998e-10,4.279235565333333e-09,5.968472199999999e-08
48,1behA_2_1500_A,1behA_2_1500,A,49,GLU,LEU,0.09668274333333333,0.8242283666666667,2.194,1.0998401e-06,0.0005555607433333333,0.009092050166666666,0.00484118773,9.840800433333334e-05,0.030080256333333333,0.09668274333333333,1.6914778666666664e-07,0.00011608599833333332,0.015803482733333336,0.8242283666666667,0.0021541598333333334,0.006740855100000001,1.5557713666666667e-05,2.205129666666667e-06,5.786369433333333e-05,0.004829418666666667,3.838179466666666e-06,7.321541066666666e-06,0.0046893322633333335
49,1behA_2_1500_A,1behA_2_1500,A,50,GLY,GLY,0.9534457999999999,0.9534457999999999,0.0,0.041688234600000006,3.7311004266666664e-06,4.2631250426666667e-05,7.926935789333334e-05,0.00037081677635,5.1576577676e-06,2.1067133047333333e-05,0.9534457999999999,3.432287302e-08,4.5606314623333335e-09,1.614438804e-08,8.367724058666667e-07,1.0022740667866667e-06,2.6127153600000005e-09,1.0141199233333334e-08,0.004327797476666667,1.3614346956233336e-05,1.444877684e-09,4.864649326666667e-09,7.678470333933333e-08
50,1behA_2_1500_A,1behA_2_1500,A,51,VAL,ILE,0.2899724623333333,0.6835067266666667,1.324,1.5187201166666667e-05,7.792135800000001e-07,0.0005677874266666667,2.209950093333333e-05,0.0021040510333333335,4.66870385e-05,1.0235224066666667e-05,3.740316153333333e-07,0.0018657465833333334,0.6835067266666667,0.019170289533333336,4.983653866666666e-06,0.001996924756666667,0.00020684580123333333,7.846153533333334e-07,7.677715233333334e-06,0.0004788902966666667,7.226323576666666e-07,2.0764073726666668e-05,0.2899724623333333
51,1behA_2_1500_A,1behA_2_1500,A,52,ASP,SER,0.001308237142,0.5988328866666667,6.903,0.3875061623333333,1.752255e-05,0.000211355694,0.001308237142,0.0011856644533333332,4.732041966666666e-05,9.97152715e-05,0.008955905839,5.0885660399999995e-06,2.496308413333333e-07,8.017717666666666e-07,3.08214636e-05,4.500358933333333e-06,4.6544312833333333e-07,1.5845156200000002e-06,0.5988328866666667,0.0017830377999999997,2.22839057e-07,5.432811863333333e-07,7.909822733333331e-06
52,1behA_2_1500_A,1behA_2_1500,A,53,TRP,TRP,0.9288798466666667,0.9288798466666667,0.0,7.633073289100001e-12,1.0910819371733333e-09,4.506905949033334e-11,1.6405303679666667e-12,1.35674479079e-10,2.3841503075000004e-10,3.061563786183333e-11,2.4089402860166666e-13,1.1582241560666666e-07,2.658763212377e-13,8.980613955482333e-10,8.142488990735333e-12,3.3020433334756666e-07,0.07064793913333332,3.941178850143333e-13,1.5605249372433333e-11,2.8068878357999997e-11,0.9288798466666667,0.0004718108833333333,5.981029254270333e-12
53,1behA_2_1500_A,1behA_2_1500,A,54,LEU,ALA,0.0030277851533333333,0.6272951833333335,5.755,0.6272951833333335,0.003095485266666667,0.014982162333333333,0.095540534,0.07426478533333333,0.0051624565,0.027040082800000004,0.009968118033333332,0.00154252168,0.000191330479,0.0030277851533333333,0.0102405153,0.00139377229,0.00045457582,0.0008599517833333334,0.11235600333333333,0.010376637966666666,7.715290466666666e-05,0.00038024883,0.001750753386666667
54,1behA_2_1500_A,1behA_2_1500,A,55,GLY,GLY,1.0,1.0,0.0,4.2994244161666675e-09,4.505716320333333e-15,1.3777419854933334e-13,2.2578509826666667e-13,2.39094691335e-12,2.57661562938e-15,6.037152469766666e-15,1.0,1.0617445951933334e-15,2.7935600543333327e-18,2.0475316727766667e-16,3.11615584157e-15,9.0924295075e-16,1.286249038635e-15,2.1985874736e-15,1.0341494699000001e-10,1.8528894239333336e-15,2.4894799025733333e-17,1.5917158331766665e-16,1.0812589927966665e-17
55,1behA_2_1500_A,1behA_2_1500,A,56,VAL,ILE,0.3024742583333333,0.46355742333333333,1.073,3.8077595000000002e-06,0.006286576132666667,0.007953417333333332,3.5659023e-05,0.0016685912833333337,0.00101382482,0.000632497342,1.54899128e-07,0.0015487516189999998,0.46355742333333333,0.1321052199,0.07234011425,0.006633578,0.00018699282033333335,8.802221513333333e-07,1.4124476799999999e-05,0.0035266083133333333,1.247756238e-06,1.6276706223333334e-05,0.3024742583333333
56,1behA_2_1500_A,1behA_2_1500,A,57,ASP,ASP,0.81978948,0.81978948,0.0,1.659570566666667e-08,4.361916953333333e-05,0.17925317133333332,0.81978948,2.293428166666667e-05,8.877716266666666e-05,0.00044946669000000004,1.7551290333333335e-09,1.7060446033333334e-05,5.0218114666666664e-05,1.1924755033333332e-05,5.506310513333333e-05,6.744479000000001e-06,5.927080094999999e-07,3.955843666666667e-08,1.4121351333333334e-06,2.1050661933333334e-05,1.4137595580000002e-06,3.03721567e-07,0.00018670120833333336
57,1behA_2_1500_A,1behA_2_1500,A,58,THR,THR,0.3353659433333333,0.3353659433333333,0.0,0.004015039976666667,0.010453955766666667,0.01493759,0.033174165666666665,0.0060947522,0.0044011204,0.12575388466666668,1.3120578699999999e-05,0.00016887047,0.040661360333333334,0.0014681613766666668,0.010572142999999999,0.00244690401,2.8002743333333333e-05,0.000314481944,0.078896279,0.3353659433333333,5.663850133333334e-06,2.7911202933333333e-05,0.33120061666666667
58,1behA_2_1500_A,1behA_2_1500,A,59,MET,LYS,0.0090687852,0.3093408633333334,3.554,0.000222264878,0.048061844666666666,0.148875679,0.0151100865,0.00077856996,0.16592114666666666,0.21699144666666667,6.930533546666667e-06,0.02382018566666667,2.0378740799999997e-05,0.00938485,0.3093408633333334,0.0090687852,0.0011923380433333335,2.6672782333333333e-06,0.005611332766666667,0.043856400999999996,0.00027423563599999996,0.0014175120666666669,4.242359733333333e-05
59,1behA_2_1500_A,1behA_2_1500,A,60,ARG,LYS,0.28000287,0.6793284066666666,1.353,3.478262266666667e-07,0.28000287,0.00011462935813333332,3.5761882866666664e-06,5.2176192333333325e-06,0.013803742953333331,0.000153543477,1.56733978e-08,0.0042944691333333335,2.456609966666667e-06,0.008147084433333333,0.6793284066666666,0.012716193566666667,0.0005140143333333334,2.8709865999999997e-08,6.912480200000001e-07,3.09849526e-07,0.00036644949333333336,0.0005456590533333333,2.5854476000000005e-07
60,1behA_2_1500_A,1behA_2_1500,A,61,LEU,LEU,0.8649002833333334,0.8649002833333334,0.0,0.0006407599666666666,0.0018331993533333335,0.061274720000000005,0.0007925404133333333,0.00742339164,0.008247079666666665,0.0021474758753333334,0.00019183487999999997,0.017848198333333332,0.012690039333333333,0.8649002833333334,0.0006599215866666666,0.00276746709,0.0005437200266666666,0.005520032366666667,0.003739318223333333,0.007042299233333333,8.307036466666667e-05,9.660350533333333e-05,0.001558002
61,1behA_2_1500_A,1behA_2_1500,A,62,PHE,TYR,0.006951763166666666,0.97961003,5.51,4.898088118635e-09,8.320775684000001e-06,5.128315035333333e-05,1.6536506106166665e-08,1.4034868736333334e-07,5.037052265566666e-06,4.9971169247333325e-05,3.2065508018000004e-10,0.013297694866666666,5.3204196192e-10,3.7926985221e-09,8.545718670766668e-06,1.4662150726666665e-05,0.006951763166666666,3.253316835433334e-11,1.6698948717950003e-08,2.17638691988e-09,2.5038169543333332e-06,0.97961003,2.499347851e-10
62,1behA_2_1500_A,1behA_2_1500,A,63,THR,THR,0.8799744366666666,0.8799744366666666,0.0,0.005129127166666666,2.9664796399999997e-06,3.527017793333333e-05,6.858103366666668e-06,0.019194246833333335,1.4718878033333332e-05,1.1263619033333334e-05,3.843711866666667e-06,6.415537913333333e-06,0.00036482986800000005,0.00026155423600000003,1.6729612033333334e-05,0.00017137555533333333,1.0576078533333334e-06,1.1334766366666666e-06,0.005066243466666666,0.8799744366666666,8.626747000000001e-08,5.276645423333334e-07,0.089737314
63,1behA_2_1500_A,1behA_2_1500,A,64,LEU,LEU,0.9999985666666666,0.9999985666666666,0.0,6.464265543333333e-11,9.557703853333334e-10,1.1422323366666666e-09,5.2699485e-10,5.180936366666667e-09,1.9310177666666667e-08,1.4203446e-08,3.75597943e-12,2.404903589e-08,4.729767808333333e-08,0.9999985666666666,1.2682547633333332e-08,1.0792128133333335e-06,1.4546802433333335e-07,7.35667468e-12,1.7723000166666667e-10,3.303858816666667e-10,3.0746505e-09,3.2539982266666664e-08,7.2024204e-08
64,1behA_2_1500_A,1behA_2_1500,A,65,MET,MET,0.9198516566666667,0.9198516566666667,0.0,4.225292926666667e-08,0.03892664966666667,1.1676563866666666e-06,6.713372823333333e-08,6.283957199999999e-07,0.025129799999999997,0.0002565334926666667,6.8542358e-09,1.1286516999999999e-07,1.2724721566666667e-05,7.850164016666666e-05,0.015731632466666666,0.9198516566666667,3.695514033333333e-08,1.0977246766666667e-08,3.872988753333333e-07,8.234578786666666e-06,1.4562242333333334e-06,1.479895976666667e-07,1.4907065166666665e-07
65,1behA_2_1500_A,1behA_2_1500,A,66,LEU,LYS,0.008700793833333333,0.5335745266666666,4.936,3.4608632433333335e-05,0.35762474666666666,1.1149263533333332e-05,2.898903066666667e-06,5.64586389e-05,0.009329116220000001,0.0007755393926666667,5.91736396e-07,0.0019319286066666666,4.7018987e-07,0.008700793833333333,0.5335745266666666,0.06355864893333334,0.0026770313333333334,1.3073258366666668e-07,9.02424885e-05,1.186748842e-06,0.014431279166666667,0.007198404433333333,2.552337366666667e-07
66,1behA_2_1500_A,1behA_2_1500,A,67,GLY,GLY,0.9969959833333334,0.9969959833333334,0.0,0.0015270900453333333,9.946166616666667e-09,2.6326432986666668e-06,3.3954160613333336e-06,7.822991166666666e-07,5.483337119999999e-07,3.98285748e-07,0.9969959833333334,9.521568710000001e-08,4.1115095533333335e-10,2.531787135666667e-08,3.8632428e-09,1.2186383006666666e-08,1.0472693599999999e-09,2.2828174466666662e-09,0.0014689626702000002,8.334026733333333e-08,6.77004682e-10,9.2300959e-10,5.5828593916666675e-09
67,1behA_2_1500_A,1behA_2_1500,A,68,ASN,ASN,0.6132747603333333,0.6132747603333333,0.0,3.367184831333333e-05,0.3202917305236133,0.6132747603333333,0.05253548865333333,0.0033045735500000003,0.0011426077684333332,0.00011985003803333333,8.73827132e-08,1.0057679266666668e-07,9.098163915666668e-07,3.497974574566667e-06,0.005642558956096667,0.0032655501555333335,3.2388490433333337e-09,6.08139856e-08,0.00034100344616666664,4.186586486666667e-05,8.18180896e-08,6.8483780200000006e-09,1.6069664953333332e-06
68,1behA_2_1500_A,1behA_2_1500,A,69,ALA,ALA,0.9612590533333334,0.9612590533333334,0.0,0.9612590533333334,1.3540789695666668e-05,0.0003045554903333333,0.00012218082066666665,0.00014021238133333334,4.841810651e-05,1.4443949553666665e-05,0.00026601090993333334,4.5140354781e-05,2.525361531066667e-07,8.639685729e-06,1.2837711629433333e-05,8.889739906666668e-06,6.910121506866667e-07,1.1956192682333332e-05,0.03756379133333333,0.00017634274869,1.6048769729333335e-07,8.521331773466667e-07,2.009519210166667e-06
69,1behA_2_1500_A,1behA_2_1500,A,70,ASP,ASP,0.9455178133333334,0.9455178133333334,0.0,7.136589266666668e-06,2.4046970216666664e-08,0.04786717716666666,0.9455178133333334,0.005504657684666667,1.065576192e-06,2.4184111053333337e-06,3.1369444099999996e-07,7.78077653e-06,8.86160285e-09,2.354531471333333e-08,2.247152191666667e-08,1.4345423006666667e-06,1.4269216876666664e-08,3.407230411e-08,0.0009615027849999999,0.00012845749593333333,2.35602669e-09,1.6987875976666667e-08,8.080786799999999e-08
70,1behA_2_1500_A,1behA_2_1500,A,71,HIS,HIS,0.50928523,0.50928523,0.0,3.381892393333333e-05,0.0030268692233333338,0.013323818133333333,0.00022784133999999997,0.00161753554,0.002216665286666667,0.0005212856483333333,1.7969271733333334e-06,0.50928523,0.014748252481333332,9.385271e-05,0.00014444154166666666,0.004929486656666667,0.2083337266666667,1.987950376666667e-06,0.00042081120399999994,0.014677858799999999,0.0007343560533333333,0.21525565033333335,0.010404718296666665
71,1behA_2_1500_A,1behA_2_1500,A,72,PRO,PRO,0.9997929666666666,0.9997929666666666,0.0,1.0377303536666666e-05,2.2866820733333334e-06,8.935516666666668e-06,5.414201866666666e-06,2.3642075933333334e-06,1.4700254123333335e-05,5.790713109333334e-05,2.0334145456666666e-06,1.2181289323333333e-06,1.7368189450000003e-05,1.2146776333333333e-05,3.6144468833333333e-06,5.194811853333333e-06,7.406915116666667e-07,0.9997929666666666,2.2680878033333333e-05,2.9152569333333334e-05,7.190310766666666e-08,3.803537693666667e-07,1.04134376e-05
72,1behA_2_1500_A,1behA_2_1500,A,73,ALA,SER,0.0360894701,0.9630504033333332,3.892,0.0360894701,1.9443469563333335e-08,2.232898593333333e-07,4.862584033333333e-07,5.047131206666666e-05,2.442157572333333e-08,2.66858055e-08,7.652124030000001e-05,1.7906666365e-08,6.021018066666667e-10,8.342175611666666e-10,1.04923607e-08,5.38138192e-09,1.8704283695333333e-09,1.6002759086666665e-07,0.9630504033333332,0.0007321072093333333,6.099907369999999e-10,1.3780408481333336e-09,6.096703566666665e-08
73,1behA_2_1500_A,1behA_2_1500,A,74,SER,GLY,0.046067150333333334,0.57447227,2.782,0.37204061,1.90409393e-05,0.0007597299,0.000112780146,0.005946049710000001,4.2663906e-05,3.122171733333333e-05,0.57447227,0.00016646495666666666,8.257875676666667e-07,1.1210166753333334e-05,2.2181315333333335e-05,4.919712733333333e-06,2.8684127333333336e-06,8.7400874e-05,0.046067150333333334,0.0001698498621333333,2.012449043333333e-06,2.0426089999999998e-06,3.868162757466667e-05
74,1behA_2_1500_A,1behA_2_1500,A,75,HIS,LYS,0.22970282333333336,0.5958299333333333,1.01,3.516586266666667e-05,0.022717230833333334,0.0023454702999999998,0.0019330142200000002,8.821240133333334e-05,0.06015891,0.019156605,8.435031733333332e-06,0.22970282333333336,0.0041316503,0.012216488333333332,0.5958299333333333,0.0034224294999999996,0.011768991266666667,1.7675581999999998e-05,0.00010845841333333334,0.0005236308833333333,0.0051018279,0.030458458333333337,0.00027468091
75,1behA_2_1500_A,1behA_2_1500,A,76,LEU,ASN,0.07982023266666667,0.28199429133333337,1.025,0.0006904716233333332,0.2529013766666667,0.28199429133333337,0.016327656966666666,0.0016022996466666668,0.04611879633333333,0.028947874,1.801085076666667e-05,0.022363893333333332,0.00025621649666666664,0.07982023266666667,0.24126749333333333,0.019387740666666667,0.0018749900333333333,1.4164175e-05,0.002231993613333333,0.00041884077199999997,0.0007863795333333334,0.0023766829999999997,0.0006006151653333334
76,1behA_2_1500_A,1behA_2_1500,A,77,PRO,PRO,0.9999998533333333,0.9999998533333333,0.0,1.0368446e-07,4.811157566666667e-12,1.6731900100000001e-09,5.610024206666667e-10,1.1104663899999999e-10,2.80438484e-10,4.891862503333333e-10,5.0134793e-10,3.188553023333333e-10,9.010534566666666e-13,7.107766236666667e-12,4.987914893333333e-11,1.2239468566666666e-11,7.698981933333332e-12,0.9999998533333333,5.5019428833333336e-08,8.560283466666667e-10,1.3292697066666667e-12,1.5475689763333333e-11,1.5321139466666667e-11
77,1behA_2_1500_A,1behA_2_1500,A,78,ILE,ASP,0.07686596666666667,0.19553959333333334,0.905,0.0015960854333333333,0.010391654,0.09662514333333333,0.19553959333333334,0.0031737909333333335,0.03818339933333333,0.18657010666666665,7.223407833333334e-05,0.0014080962566666666,0.07686596666666667,0.1934241383333333,0.034491776,0.033629422,0.0013407341333333334,0.00010577948333333334,0.010361603766666666,0.046553153333333326,0.00028162021,0.00055857558,0.068827058
78,1behA_2_1500_A,1behA_2_1500,A,79,GLY,GLY,0.99989122,0.99989122,0.0,0.0001003420034,3.558489477e-09,2.7488940643333335e-08,1.446168418e-07,1.9419080766666666e-07,2.102448367666667e-09,7.853367266666667e-09,0.99989122,8.092989190000001e-10,9.219715899999998e-11,7.236894431e-10,4.2544800216666664e-09,1.94513879e-09,1.3129722276666669e-09,3.1847618e-09,8.054244793333332e-06,9.830915233333332e-09,9.070972086666667e-11,3.5324223199999996e-10,4.344440003333333e-10
79,1behA_2_1500_A,1behA_2_1500,A,80,GLN,LYS,0.11179216666666665,0.5419810333333334,1.474,0.04881906503333333,0.039854883333333334,0.042982920720000005,0.016419670193333333,0.010909933206666667,0.11179216666666665,0.065114167,0.00017013785238999997,0.06972260688899999,0.00013824637336666668,0.0021222497066666663,0.5419810333333334,0.016746454666666667,0.0020148712350666668,2.9855243736666668e-05,0.026803453433333336,0.0006616048510000001,0.00047897551393333336,0.003023460428,0.0002142779106333333
80,1behA_2_1500_A,1behA_2_1500,A,81,VAL,ILE,0.010855153333333334,0.23921873133333335,2.248,0.22090479600000001,0.05163992693333333,0.066170625,0.021520894,0.01859807166666667,0.04735188933333334,0.038932894333333336,0.012360152566666666,0.014356937466666669,0.23921873133333335,0.010345896366666666,0.0117653822,0.055904155000000004,0.0023974302266666666,0.005064875366666667,0.056250586666666665,0.11385899,0.00027979592533333334,0.0022228106833333335,0.010855153333333334
81,1behA_2_1500_A,1behA_2_1500,A,82,MET,ARG,0.04321793743333333,0.8216326866666668,3.372,6.7321921e-06,0.8216326866666668,0.00012892515153333333,1.7644304233333334e-06,2.6441810999999998e-05,0.0090929492,0.0031090650083333334,1.19902648e-06,0.00013272013866666668,1.2849308266666667e-07,0.01455454265,0.061830726700000005,0.04321793743333333,0.031254953333333335,2.6378589666666665e-07,1.71616422e-06,1.80083278e-07,0.0062921528333333325,0.008714703233333334,2.2864524166666665e-07
82,1behA_2_1500_A,1behA_2_1500,A,83,SER,THR,0.017171156333333333,0.6298649,3.625,0.036215321333333335,0.0014031312999999998,0.12079074199999999,0.023076310153333335,0.09063336066666668,0.045654806,0.0017207858666666669,0.00019858653133333331,0.00039162879,0.014738907400000001,8.2830536e-05,0.00014284981,0.003325172833333333,4.917455156666667e-06,3.8236005000000005e-05,0.017171156333333333,0.6298649,3.681652746666667e-06,4.3445301e-06,0.014538356666666667
83,1behA_2_1500_A,1behA_2_1500,A,84,ASN,HIS,0.30403056566666664,0.5729799333333333,1.069,9.813979433333334e-05,0.015067932889999998,0.30403056566666664,0.004084579333333334,0.012793276380000001,0.026887474999999997,0.010128906,2.4208865533333332e-05,0.5729799333333333,7.56356987e-05,0.0024590428006666665,0.04649399756666667,0.00405971516,8.290456366666665e-05,1.951860053333333e-06,0.00042068807833333337,0.00022476018466666665,4.3097207e-06,6.0814159e-05,2.1168244966666663e-05
84,1behA_2_1500_A,1behA_2_1500,A,85,ALA,SER,0.015724335133333333,0.50179343,4.173,0.015724335133333333,0.00024223580233333336,0.041722765,0.019900551933333333,0.139151252,0.030684661333333335,0.08729928099999999,0.010129471343333333,0.0024752799333333333,0.0018235121,0.13656603666666667,0.0008494241093333333,0.0069317803,0.0004961618186666666,3.268184896666666e-05,0.50179343,0.0028310767666666664,1.3502880599999999e-05,0.0003646687475666667,0.00096786869
85,1behA_2_1500_A,1behA_2_1500,A,86,LEU,LEU,0.9899300666666666,0.9899300666666666,0.0,3.3244617559999994e-06,5.363148736666667e-06,8.94306023e-05,4.2547075766666666e-07,0.004578154050666667,0.0006366121193333333,0.00043389790966666663,4.832844214666666e-08,1.7523647666666666e-06,2.917231973333333e-05,0.9899300666666666,6.527938840000001e-05,0.004053142586666667,1.654785013333333e-07,2.0675960116666662e-08,1.6889737915333334e-05,5.271226466666666e-05,3.235128756666667e-08,2.6976530713333332e-08,0.00010346456173333333
86,1behA_2_1500_A,1behA_2_1500,A,87,VAL,THR,0.43184149000000005,0.5216360733333333,0.246,5.8228720666666675e-05,1.0771313833333334e-06,0.009115085666666667,0.001810469923333333,0.002350555056666667,8.529654833333333e-05,0.00011881899666666666,2.32848757e-06,6.900793733333333e-05,0.030831579666666668,0.00011151371200000002,6.5304224e-07,4.9826701666666664e-05,1.2755564716666667e-06,9.828417066666665e-06,0.00190523939,0.5216360733333333,9.142826e-07,6.77159828e-07,0.43184149000000005
87,1behA_2_1500_A,1behA_2_1500,A,88,VAL,VAL,0.7691637866666667,0.7691637866666667,0.0,2.8186758333333334e-05,1.2885858366666665e-06,2.9277507666666668e-05,4.93962024e-06,0.00123244102,9.7340331e-06,8.289745010000001e-06,2.4401347e-07,6.70524815e-07,0.03207274766666667,3.36113404e-07,1.543442729e-06,3.4581337566666666e-06,3.027634516666666e-08,2.971405435e-06,4.320818033333334e-05,0.197396681,1.5505494046666666e-08,1.0878573036666667e-07,0.7691637866666667
88,1behA_2_1500_A,1behA_2_1500,A,89,GLU,ASN,0.006231555433333334,0.88614105,6.133,2.806880232233333e-07,1.591467078e-06,0.88614105,0.05862567133333333,3.019311736666667e-05,0.009111922466666667,0.006231555433333334,1.3693349342866668e-08,0.037776815,1.3099419846666667e-05,1.30658529e-06,0.0012026110643333333,0.000843744121,5.5049599066666664e-06,1.0754487206666667e-08,8.90746912e-07,3.14926592e-07,2.102473362e-07,1.309534621e-05,9.257412703333333e-08
89,1behA_2_1500_A,1behA_2_1500,A,90,MET,MET,0.99805501,0.99805501,0.0,2.4841800199000004e-06,1.23675721e-06,1.0537086083333334e-06,8.348267866666668e-08,2.1306089033333334e-05,0.0018483553533333332,2.94830718e-06,5.41183724e-09,1.3098751533333334e-08,1.9392765666666666e-05,1.9515917666666667e-05,5.060581723333334e-06,0.99805501,1.4919938733333331e-09,1.0335655749000001e-08,1.6202520360000003e-06,1.1742827e-05,5.159884366666667e-08,6.123937466666667e-10,1.0120794456666665e-05
90,1behA_2_1500_A,1behA_2_1500,A,91,TRP,ARG,0.04705097766666666,0.8411880533333332,3.081,1.3170749633333333e-05,0.8411880533333332,0.00022023802466666667,1.9617936596666667e-05,1.5079353999999999e-05,0.01773418238666667,0.00132702673,4.26987627e-06,0.028500058999999998,0.00041004383,0.00012681666423333332,0.04856402383333333,0.003000325013333333,0.00361272478,1.99756367e-05,1.4542186956666666e-05,7.116832283333333e-05,0.04705097766666666,0.007594085166666667,0.000513582135
91,1behA_2_1500_A,1behA_2_1500,A,92,GLY,GLY,0.9999997533333334,0.9999997533333334,0.0,2.1309243328333334e-07,2.261691999401e-15,4.0470390296523334e-13,6.9009896881e-13,1.0228826960900001e-11,1.9286107886486665e-15,3.836306608221333e-15,0.9999997533333334,1.6667110530403335e-15,5.98069909094e-18,1.7006379977705001e-16,4.50929526194e-15,3.1998725455099995e-16,7.182471851724e-16,4.2823046831333336e-14,4.969512288866667e-09,3.98926213202e-14,2.5642466783086665e-17,1.569109239951e-16,6.7483951797e-17
92,1behA_2_1500_A,1behA_2_1500,A,93,SER,SER,0.7481570166666667,0.7481570166666667,0.0,0.038234789666666665,8.978512943333333e-06,0.1874568,0.004884696166666667,0.0082346894,0.00010177388886666667,3.778496766666667e-05,5.5765843000000005e-05,0.00015695225533333333,3.975788606666666e-06,2.8799526333333332e-05,0.00015480090183333332,1.8005637899999998e-05,2.9878258066666664e-06,0.00018198541786666666,0.7481570166666667,0.01215839013333333,1.6999827433333333e-07,2.9276368700000003e-06,0.000118693257
93,1behA_2_1500_A,1behA_2_1500,A,94,GLU,ASP,0.0011164603666666665,0.7702732000000001,6.597,2.2825349166666665e-05,0.00016951933766666668,0.2264948566666667,0.7702732000000001,6.2772059e-05,0.0003831265906666666,0.0011164603666666665,2.4767477e-07,3.4987211333333336e-05,2.1517854899999998e-05,3.1984611e-05,0.000485589765,2.7439351e-05,1.0266360899999999e-06,1.4824351533333332e-06,0.00011832251333333333,0.00070003683,1.26964597e-06,1.3843695266666664e-06,5.194272200000001e-05
94,1behA_2_1500_A,1behA_2_1500,A,95,LYS,ARG,0.007316262100000001,0.9910094166666666,5.297,1.2700086033333333e-07,0.9910094166666666,7.598706659999999e-08,1.1173211946666668e-08,2.6619450366666666e-07,7.365618166666667e-05,2.8564776333333332e-05,2.3174834e-08,2.2789690299999998e-07,1.633453952333333e-05,2.2277352666666667e-06,0.007316262100000001,0.0015033823383333335,1.3247946133333334e-06,7.4665093e-09,4.0201474e-08,1.3067337013333334e-06,7.730413056666667e-06,1.7314779166666666e-05,2.170085273333333e-05
95,1behA_2_1500_A,1behA_2_1500,A,96,LYS,ALA,0.007405849066666667,0.5731007266666667,4.711,0.5731007266666667,0.0019698011333333333,0.0019553199233333335,0.0065384094,0.00038534664999999996,0.0026002212000000003,0.0067856593333333335,0.0014100510666666668,9.6045408e-05,1.9647119e-05,0.00019113258099999998,0.007405849066666667,8.5521956e-05,2.4876594066666665e-05,8.520001e-06,0.39191324666666666,0.005342986066666666,4.596732e-06,3.3240825000000004e-05,0.00012876644
96,1behA_2_1500_A,1behA_2_1500,A,97,ALA,SER,0.01587801,0.9839330566666667,4.134,0.01587801,5.998432166666667e-07,4.247864033333334e-06,2.5302069166666666e-06,4.331080333333334e-05,3.3411839066666666e-07,2.1502611233333332e-07,0.00013521649333333332,2.8298904233333334e-07,2.541529946666667e-10,5.127387856666667e-09,7.681668433333332e-07,1.9699864633333335e-08,3.7874157e-09,9.529481766666666e-09,0.9839330566666667,1.36240232e-06,8.394897733333332e-10,3.150692333333333e-09,1.40611586e-09
97,1behA_2_1500_A,1behA_2_1500,A,98,GLY,GLY,0.9999999666666667,0.9999999666666667,0.0,5.419733096666666e-08,8.151624794379999e-13,4.9277289332653335e-12,8.766575566813333e-12,2.3858626143133336e-10,3.4963215052276666e-13,5.324351697464334e-13,0.9999999666666667,1.456926679768e-13,6.5520748664066675e-15,7.04873324592e-14,8.633895351044333e-13,1.2430298821883335e-13,1.905667107312333e-13,5.302817974806666e-12,5.5798002623333334e-09,8.582737068749999e-13,1.2973928749256666e-14,5.1569463422366665e-14,3.5283823193826667e-14
98,1behA_2_1500_A,1behA_2_1500,A,99,LYS,ARG,0.41739314666666666,0.58221268,0.511,5.157029283333333e-12,0.58221268,6.317261125000001e-10,6.703058898e-11,1.4415667133333333e-10,0.0003756134816666667,4.1155816e-06,1.2093390433333334e-12,5.145653266666666e-08,2.2661389803333333e-09,6.111556466666666e-08,0.41739314666666666,1.3782357600000002e-05,1.5826975490000002e-09,4.4812924e-12,2.5024619333333332e-11,1.1130497666666667e-09,5.307902073333334e-07,4.6410516799999994e-09,1.6194262100000001e-09
99,1behA_2_1500_A,1behA_2_1500,A,100,VAL,VAL,0.65975664,0.65975664,0.0,0.00027306240666666667,3.433496166666666e-05,0.07874221366666667,0.1453308826666667,0.0050310525333333335,0.0005135416233333334,0.007843502833333333,3.4969182666666674e-06,0.00011640599666666667,0.028797717499999997,0.00060617461,8.0393411e-05,0.0004786097666666667,1.061328868e-05,1.8452138533333333e-05,0.010418874,0.06193617466666667,1.905291994e-06,5.975144253333332e-06,0.65975664
100,1behA_2_1500_A,1behA_2_1500,A,101,ILE,LEU,6.727931266666666e-05,0.9960260766666668,9.878,1.9225416633333334e-09,7.104806645333334e-06,2.2277469286666664e-07,4.679791246666666e-08,6.83020287e-07,5.9317977433333335e-05,1.944296395e-05,3.53538657e-10,3.0941439366666673e-06,6.727931266666666e-05,0.9960260766666668,5.6552933276666665e-05,0.003756271486666667,2.387625613333333e-06,9.24599055e-10,3.3127633800000002e-09,6.885466256666667e-09,2.664421e-07,8.807468021666666e-07,3.17019168e-07
101,1behA_2_1500_A,1behA_2_1500,A,102,ILE,LYS,0.13428477866666666,0.2657701196666667,1.23,0.00015693663433333333,0.24621450166666667,0.062231691533333335,0.010132925866666666,0.0003098899266666667,0.08499056633333334,0.10135541096666667,4.255684766666666e-06,0.08030966166666667,0.13428477866666666,0.0011323773833333336,0.2657701196666667,0.0010891161066666666,0.00018115587333333331,9.065181333333334e-06,0.00016230856799999999,0.0012782535866666667,5.717092733333333e-05,0.00054371562,0.009786031886666666
102,1behA_2_1500_A,1behA_2_1500,A,103,GLN,GLU,0.022993224333333336,0.9452211033333334,3.785,0.0005097066027333334,8.38116466e-05,0.0017876097066666667,0.01486144493,0.0005775634466666666,0.022993224333333336,0.9452211033333334,1.1591003183333332e-06,7.3287222e-06,6.944498766666667e-06,0.0013556612666666666,0.0023056191466666667,0.00093756455,6.726295866666667e-07,3.569610343333333e-06,0.005159834703333334,0.0041525638,3.050411085e-07,1.15011636e-06,3.3142064166666665e-05
103,1behA_2_1500_A,1behA_2_1500,A,104,TYR,TYR,0.7879122533333334,0.7879122533333334,0.0,5.038044033333333e-08,1.6315119700000002e-06,4.250371786666667e-07,4.5842894766666675e-08,7.10062162e-08,1.1371653066666666e-06,1.7572934163333333e-07,4.538624506666667e-09,0.00022843436333333335,6.190994734333333e-08,7.936791873333334e-08,1.875419905e-07,3.248794374666667e-05,0.19965560000000002,1.79211372e-09,2.1801216266666666e-07,2.5934438333333336e-07,0.012166755523333335,0.7879122533333334,8.874504297666668e-08
104,1behA_2_1500_A,1behA_2_1500,A,105,ILE,ILE,0.5539165133333334,0.5539165133333334,0.0,1.9141871666666668e-07,0.26882347833333337,4.119182066666667e-06,6.867213433333334e-07,4.1592894666666664e-06,0.00043772623333333333,0.00012898324933333335,7.554851766666667e-08,4.8481139e-05,0.5539165133333334,0.00016073770533333331,0.17479487733333332,0.00081297422,8.747183733333333e-06,1.7607966e-07,3.2764722e-07,4.9133254999999996e-05,2.55775595e-05,2.0179570333333333e-05,0.0007628747033333333
105,1behA_2_1500_A,1behA_2_1500,A,106,GLY,GLY,1.0,1.0,0.0,4.971746248e-09,3.1672344603333335e-14,6.2527066e-13,1.0105299300000001e-12,1.1015249486666668e-11,2.3763393966666666e-14,6.294571469999999e-14,1.0,7.074905991666667e-15,3.607301952666667e-16,4.113941021866667e-15,3.6599552709999997e-14,3.4727020603333338e-15,1.0723393133666667e-14,9.557743336666666e-12,1.0989921510999999e-09,1.2313851902666667e-13,4.812656195566667e-16,2.9294509281e-15,3.71034766899e-15
106,1behA_2_1500_A,1behA_2_1500,A,107,ALA,PRO,0.039451235,0.9359910333333333,3.597,0.039451235,7.586182500000001e-07,0.000140780729,6.556473680000001e-05,0.00020806612999999996,9.1239754e-06,8.85985684e-06,0.0004193227433333333,4.198114893333333e-06,5.632633353333332e-07,5.0826711e-07,7.357986733333334e-07,1.232108e-06,2.95792182e-07,0.9359910333333333,0.023671059133333335,2.2734188e-05,8.274754233333334e-08,2.628110983333333e-07,3.621795216666667e-06
107,1behA_2_1500_A,1behA_2_1500,A,108,MET,MET,0.3480395733333333,0.3480395733333333,0.0,0.00017814052386666665,0.32024938383333335,0.007999067163,0.0005973266996666667,0.0011030558293333333,0.05831510866666667,0.0015206008333333333,7.951828366666667e-06,0.003573079724,0.0094563606,0.21187042199999997,0.026084446666666667,0.3480395733333333,0.0005000952866666667,1.0071705613333334e-05,0.00011988327599999999,0.0007569092946666666,0.0041361535,0.000397521061,0.005084880273333333
108,1behA_2_1500_A,1behA_2_1500,A,109,ALA,ALA,0.39591174833333337,0.39591174833333337,0.0,0.39591174833333337,6.575330100000001e-06,0.16565770933333332,0.0017873884266666664,0.024894214666666664,6.141422333333333e-05,3.167687333333333e-05,7.7975617e-05,1.5057240846666668e-05,9.3178012e-06,2.61260212e-06,1.8278452633333332e-06,2.4605773e-06,1.1156118333333333e-07,0.12553213533333332,0.23163471333333333,0.046870349666666665,9.3258812e-08,2.543240233333333e-07,0.007502386116666666
109,1behA_2_1500_A,1behA_2_1500,A,110,PRO,ALA,0.1080459498,0.59585208,2.587,0.59585208,0.00021393954666666667,0.00020650028333333334,0.00047027522466666665,0.0005210011133333334,0.00028205046999999996,0.0007338460793333334,0.00593229,1.4858219e-05,4.2850097799999996e-05,6.444332633333333e-05,0.00028718126000000006,0.00010596536333333333,5.200158566666667e-06,0.1080459498,0.26935547666666665,0.015938279533333332,1.9271498666666666e-06,4.2233505e-06,0.00192172026
110,1behA_2_1500_A,1behA_2_1500,A,111,LYS,ALA,0.030984458266666667,0.7345614933333332,3.933,0.7345614933333332,0.004614347443333334,0.0013585595333333335,0.005252027333333333,0.0006502707199999999,0.011396668333333332,0.09111305336666665,0.024768074333333334,0.0008983455073333334,2.068326533333333e-05,0.0013466445666666666,0.030984458266666667,0.00036902010266666663,0.0004079883286666667,0.017957026,0.07359111266666667,0.00038784336,2.7977257333333333e-05,0.00023910041,5.526527666666666e-05
111,1behA_2_1500_A,1behA_2_1500,A,112,GLY,GLY,1.0,1.0,0.0,1.5308716333333333e-09,2.2574020266666667e-11,3.05307053e-10,3.5763509999999996e-10,1.3185849999999999e-11,2.4453478733333332e-11,6.678071133333333e-11,1.0,6.795764233333333e-12,4.675588033333334e-14,4.8734885e-12,3.1780420333333336e-11,2.840366e-12,6.682426523333333e-12,1.2013759000000001e-12,1.6020851566666668e-09,5.9966111e-12,2.4895466333333335e-13,1.59216636e-12,1.7837822533333334e-13
112,1behA_2_1500_A,1behA_2_1500,A,113,THR,THR,0.6369344066666667,0.6369344066666667,0.0,0.0013882687666666666,0.004377802100333333,0.0057246545,0.0026524439000000003,0.034007701,0.14113034683333334,0.13587117140000002,2.3090531e-05,8.243379503333334e-05,4.32599501e-05,0.00019114949683333334,0.0023952607405,0.028077173666666667,1.340298619e-05,1.2364902333333334e-05,0.006652294066666667,0.6369344066666667,2.1505092623333332e-06,1.4741061916666667e-05,0.00040587845
113,1behA_2_1500_A,1behA_2_1500,A,114,ASP,ASN,0.3702666766666667,0.37904208,0.036,0.0008288253633333334,0.0015020117266666669,0.37904208,0.3702666766666667,0.0007781433999999999,0.07352432333333332,0.09047919666666666,0.000157174374,0.04662778646666666,8.98025559e-05,0.0073052039666666665,0.016588409666666668,0.0027576985666666665,0.0025045473666666664,5.386414e-05,0.005303938833333334,0.00042792592416666665,0.00022420939666666667,0.0014205002866666666,0.00011771744956666666
114,1behA_2_1500_A,1behA_2_1500,A,115,LEU,LEU,0.8662227566666667,0.8662227566666667,0.0,0.00027306108133333336,0.004061534908333333,0.014843684866666667,0.0030946788,0.00024999647533333335,0.014592864566666667,0.04573368166666667,4.314601696666667e-05,0.0011342984509999999,0.0099731862,0.8662227566666667,0.020701514066666666,0.007886791666666665,0.00045771177566666666,2.9563464366666665e-05,0.0006050186683333334,0.006324513556666665,6.8420206e-05,0.0009803752533333334,0.0027232230000000003
115,1behA_2_1500_A,1behA_2_1500,A,116,ASN,VAL,0.040627255,0.4692945333333333,2.442,0.02023158166666667,0.0003385449766666666,0.040627255,0.0119200019,0.024897012833333333,0.0034279180566666664,0.00104903379,0.0004910341013333333,0.3600592933333333,0.0061688401,0.00026014777666666665,0.0003960224126666667,0.003511350833333333,0.0009736665833333332,0.0004717500080000001,0.017448339066666665,0.037027902,0.00053064849,0.0008751051833333334,0.4692945333333333
116,1behA_2_1500_A,1behA_2_1500,A,117,THR,THR,0.9493200566666667,0.9493200566666667,0.0,1.06706145e-05,2.8824444133333335e-06,0.0166789817,0.0004923736333333333,0.0047879112,7.1691569666666665e-06,1.2894443666666667e-06,1.1071400233333333e-08,3.49104121e-06,4.1321101e-05,1.6604949200000002e-07,3.1180563666666663e-06,7.5905495666666675e-06,2.473505833333333e-08,2.767694966666667e-08,0.00102292269,0.9493200566666667,2.3013854666666668e-09,2.7644794e-08,0.027619943933333335
117,1behA_2_1500_A,1behA_2_1500,A,118,GLU,GLU,0.9080000266666667,0.9080000266666667,0.0,9.319209840000001e-08,2.52547122e-07,0.0008645646023333333,1.8337340857333333e-05,3.4895979433333336e-06,0.071457479,0.9080000266666667,1.0165855633333332e-08,0.015973808606666667,1.0962055466666666e-06,1.45827146e-05,1.1560323166666668e-06,0.0015824434533333331,0.00038265472466666664,1.1053430233333333e-08,2.545415723333333e-06,1.3370064843333333e-07,4.87853869e-05,0.0016484910346666666,5.175718749e-08
118,1behA_2_1500_A,1behA_2_1500,A,119,THR,THR,0.56546051,0.56546051,0.0,0.00021772507183333333,0.00017814159731666666,0.0007260633681,0.00012612519031666669,0.006450962833333333,0.0005810822244,0.003592113914,1.5972599686666668e-06,0.0001049435431,0.0026872667933333333,1.5087061093000001e-05,0.00016766062587999998,7.965648833333334e-05,2.1818993566666666e-06,3.4722493799999995e-06,0.000421677464,0.56546051,4.970301137666667e-07,3.7678973613333333e-06,0.41917947999999994
119,1behA_2_1500_A,1behA_2_1500,A,120,TRP,TRP,0.9898713633333335,0.9898713633333335,0.0,3.62619526e-08,6.580302433333333e-08,4.6168791e-08,1.0745035329999997e-08,5.7467962333333336e-08,2.9443620333333332e-08,2.3941610033333332e-08,2.3905278166666667e-09,1.8630028166666664e-06,6.528302833333334e-08,3.9070689999999996e-07,1.1423692949999999e-08,1.03677491e-06,0.0080321041,1.0311627080000002e-09,5.758589646666666e-09,3.2446402733333334e-09,0.9898713633333335,0.0020925776333333332,2.827161733333333e-07
120,1behA_2_1500_A,1behA_2_1500,A,121,THR,LEU,0.002190336943333333,0.9884059433333333,7.59,0.0009326346476666667,0.00011317708999999998,0.00034902295666666667,3.151192026666667e-05,0.00022811366666666667,0.00149191579,0.0005368208889999999,5.187288350666667e-05,5.7099314600000005e-05,0.0004571784413333333,0.9884059433333333,0.00041975118066666663,0.0033584263,6.538975876666667e-06,3.0874039553333332e-06,0.0005333674166666666,0.002190336943333333,1.934575124e-06,1.0075624298e-05,0.0008212054413333334
121,1behA_2_1500_A,1behA_2_1500,A,122,VAL,VAL,0.9998155833333332,0.9998155833333332,0.0,1.7879246166666667e-05,3.593848063333333e-09,6.118808933333332e-08,7.406373643333333e-09,9.707003566666667e-05,2.365659392e-08,2.362726365e-08,4.679454116666666e-09,1.7961540933333334e-09,5.4928598e-05,1.291997184e-07,1.8127331433333334e-08,1.201897985e-07,1.5151364500000001e-09,4.8215271e-09,3.668017133333333e-07,1.3769566e-05,3.5672038746666664e-10,8.035070743333334e-10,0.9998155833333332
122,1behA_2_1500_A,1behA_2_1500,A,123,TYR,TYR,0.7461785466666667,0.7461785466666667,0.0,2.05115931045e-11,6.72235918375e-08,1.57071318001e-08,2.7675464971466667e-10,4.5474544702333334e-10,1.5900589956666668e-08,2.6375130475666663e-09,6.469273451633333e-12,5.517589817666667e-05,5.350945706133333e-10,1.13960301162e-07,9.655571964e-09,7.005709729500001e-07,0.24719452399999997,4.6733181883333335e-12,9.059127428333333e-11,5.375484621933333e-11,0.0065708434333333334,0.7461785466666667,1.6174500218846665e-10
123,1behA_2_1500_A,1behA_2_1500,A,124,LEU,LEU,0.5548867366666667,0.5548867366666667,0.0,3.1956572666666665e-07,0.0006495790000000001,4.1672356333333334e-05,1.5304981666666667e-06,1.7278565333333335e-05,0.13775362000000002,0.2493056366666667,2.841535033333333e-08,0.00023704151066666665,0.00058108984,0.5548867366666667,0.02400807166666667,0.032407140333333334,2.6523911e-06,3.571826013333334e-07,6.272200633333333e-06,5.8439378666666674e-05,2.0242159333333334e-06,2.5821559866666664e-06,3.7918146999999994e-05
124,1behA_2_1500_A,1behA_2_1500,A,125,GLN,GLU,0.13422769533333334,0.7689023866666665,1.819,0.002993891498333333,1.7074374943333332e-05,0.014255342786666667,0.0041239820233333335,0.05043567597,0.13422769533333334,0.7689023866666665,0.0003034338633766667,6.023990590266667e-05,7.57464841e-05,0.0012981953033333333,2.1380084266666668e-05,0.002927902266666666,6.284439304666667e-07,1.2149266536666666e-05,0.019627028366666667,0.000360900483,8.005843622e-07,1.4977854407666667e-06,0.0003541012372
125,1behA_2_1500_A,1behA_2_1500,A,126,LEU,GLU,0.37111916333333334,0.38766714333333335,-0.006,8.41191005e-05,0.0023936152566666666,0.06831624833333333,0.08909193766666668,0.0016146726933333334,0.030147973666666664,0.38766714333333335,8.157022366666667e-06,0.0015088268366666667,0.001263940751,0.37111916333333334,0.012026630533333332,0.023745902333333336,0.00014234173866666666,6.31880271e-06,0.0015643579320000001,0.008785016526666667,1.79659829e-05,7.437153133333333e-05,0.0004212565768666667
126,1behA_2_1500_A,1behA_2_1500,A,127,ASP,GLU,0.30442654333333335,0.33618576,0.184,0.00106332148,0.024989427999999998,0.06955659866666668,0.30442654333333335,0.004078397,0.064745717,0.33618576,1.1198174733333334e-05,0.0005910842866666666,0.0014580597999999999,0.003178029633333333,0.04864354766666667,0.004224067133333333,9.910948666666666e-05,1.19995738e-05,0.014876492866666667,0.09026345166666666,2.9312347533333335e-05,9.09877072e-05,0.03147688543333333
127,1behA_2_1500_A,1behA_2_1500,A,128,LEU,ASN,0.3523974933333333,0.38951868599999995,-0.307,4.172677633333333e-05,0.0010811078800000002,0.38951868599999995,0.024114679000000003,0.008111177333333334,0.012659500833333332,0.013069164166666668,3.570350166666667e-06,0.013299565666666667,0.035780496333333335,0.3523974933333333,0.02126921945666667,0.041342447000000004,0.0036674167,2.0104209399999997e-05,0.0020783291,0.03691180166666667,1.7326744833333333e-05,0.0002200497746666667,0.04439615
128,1behA_2_1500_A,1behA_2_1500,A,129,LEU,LEU,0.9772647333333334,0.9772647333333334,0.0,4.68393025e-07,2.5850804836666664e-05,0.00016240857080000002,3.6847382833333334e-05,3.65411391e-05,0.011104893323333332,0.0006811737183333332,5.628067819999999e-08,1.3960931033333332e-05,0.006354239799999999,0.9772647333333334,7.664279248e-05,0.0003672783866666667,1.31982657e-06,2.4848913703333336e-07,9.052531183333334e-06,0.0007055253933333333,2.0849491190333334e-06,4.289204092e-07,0.0031562679666666663
129,1behA_2_1500_A,1behA_2_1500,A,130,ALA,ASP,0.047409319,0.73519018,3.275,0.047409319,0.00138390139,0.11938788500000001,0.73519018,0.0011726411066666665,0.0008549970219999999,0.0044929695,0.03318708602333333,0.00014168691166666666,8.549010073333333e-05,0.0001944130766666667,0.0014822469433333335,0.00018995130533333332,3.3751366233333335e-05,0.0094806332,0.04362881999999999,0.00115765311,1.6868704333333334e-05,3.1993044700000005e-05,0.00047754116
130,1behA_2_1500_A,1behA_2_1500,A,131,CYS,VAL,0.10271416666666666,0.32790236333333334,0.765,0.08246669333333334,3.0003385633333335e-05,0.006129165884666668,0.0030317509866666665,0.10271416666666666,0.023869013233333333,0.1737973403333333,0.0002232256096666667,0.0007579843365666666,0.146892879,0.012779436166666666,0.00012036894438666667,0.06717996749999999,0.00026377064983333333,0.00023304248166666666,0.014831250866666668,0.036688436,1.021660531e-05,7.890818554666667e-05,0.32790236333333334
131,1behA_2_1500_A,1behA_2_1500,A,132,ARG,ASN,0.0048082329,0.38284059,4.401,0.00016081888366666669,0.0048082329,0.38284059,0.30086122333333337,0.0018825222233333331,0.023899705233333332,0.09319625533333332,1.0023401033333332e-05,0.0019973926166666667,0.000410665892,0.026316688833333334,0.019036527333333334,0.0033215208833333337,0.000210868348,1.5791104066666666e-05,0.0065429108,0.13334833000000001,3.3976336999999996e-05,0.00012935488666666667,0.0009765872666666667
132,1behA_2_1500_A,1behA_2_1500,A,133,ASN,ILE,0.00020954795,0.6692193166666667,8.13,8.766782523333333e-05,7.220594099999999e-06,0.00020954795,8.007957066666666e-05,0.0013095232476666666,0.0006270922899999999,9.803503680000001e-05,6.686629613333335e-07,5.6081912e-06,0.6692193166666667,0.0022470564,2.5624793186666668e-05,0.0035195598,4.248502776666667e-06,2.222468133333333e-06,0.0001853755918333333,0.011946822733333334,2.1174248599999998e-07,9.30297402e-07,0.3104232466666667
133,1behA_2_1500_A,1behA_2_1500,A,134,LEU,GLU,0.05494072666666666,0.35245245333333336,1.882,0.00013779339333333334,0.008565165833333332,0.158394575,0.052680001,0.0006907188033333333,0.058577604000000005,0.35245245333333336,7.371710833333334e-06,0.06801028966666667,0.03203530533333333,0.05494072666666666,0.10383177333333334,0.009081693333333333,0.004865234,2.33078785e-05,0.0018451684999999998,0.05871808866666667,0.00017678501,0.002120310333333333,0.03284565833333333
134,1behA_2_1500_A,1behA_2_1500,A,135,VAL,ILE,0.027412428333333332,0.9379963566666666,3.588,2.6028094728333336e-07,0.00103498232,0.00039096957166666666,3.0322585000000002e-05,5.2314792666666674e-05,0.012713215333333333,0.009767839693333334,7.989907276666666e-08,0.0005308535166666667,0.9379963566666666,0.003641454319666667,0.0027076520666666666,0.0024158337633333337,3.60326307e-05,4.29253688e-07,3.6881425113333338e-06,0.0012400931866666666,1.5451579406666667e-06,2.3543638766666668e-05,0.027412428333333332
135,1behA_2_1500_A,1behA_2_1500,A,136,LEU,ARG,0.039967081333333335,0.9171022799999999,3.141,3.5683877146666667e-06,0.9171022799999999,0.00020420233833333334,1.518973496e-05,3.22384739e-05,0.0016013176533333333,0.00027822800799999996,6.188314353333333e-07,0.0012898340333333334,0.000737693348,0.039967081333333335,0.036033713,0.0024998339533333336,1.7527251066666667e-05,1.3957460116666666e-06,1.4478630526666666e-05,8.397270146666667e-05,4.894635033333333e-05,8.340850166666667e-06,5.956453443333332e-05
136,1behA_2_1500_A,1behA_2_1500,A,137,THR,ASP,0.17948263333333334,0.27952209,0.33,0.0007327843233333333,0.004631621133333333,0.13807994333333332,0.27952209,0.0025670855466666666,0.022306400333333334,0.03909774533333333,4.832462486666667e-05,0.011640021766666666,0.009679585499999999,0.19926707900000004,0.043673616766666666,0.0055231949,0.0022516571,0.0009300751300000001,0.033874116333333336,0.17948263333333334,0.00029608818066666665,0.0011914148866666665,0.025204507666666667
137,1behA_2_1500_A,1behA_2_1500,A,138,ASN,ASN,0.8313555666666667,0.8313555666666667,0.0,0.03796783686666667,0.00024247308666666668,0.8313555666666667,0.012949523666666666,0.0029947630666666662,0.00157567485,0.00280546189,3.0109433866666667e-05,0.022048026233333334,8.761793033333334e-07,0.002154371433333333,0.0036706334899999997,0.00041300065333333335,0.00033627888933333334,1.9334619666666667e-06,0.0799484451,0.0011192524966666666,4.674489566666666e-06,0.00036918265733333334,1.19317382e-05
138,1behA_2_1500_A,1behA_2_1500,A,139,ASN,GLN,0.02181965866666667,0.31603144,2.566,1.09820066e-07,0.010061292233333333,0.02181965866666667,0.00028217313333333334,8.891953e-05,0.31603144,0.017151738,4.9467763e-08,0.13414233,0.0016575270833333333,0.21354550766666666,0.261579822,0.008169100733333332,0.00403044683,2.44459288e-07,5.8787721e-06,0.008270279860000002,0.00021588660666666668,0.002407333586666667,0.0005403141866666667
139,1behA_2_1500_A,1behA_2_1500,A,140,SER,SER,0.5192851799999999,0.5192851799999999,0.0,8.146301473333334e-05,2.7284957523333334e-07,2.324979059666667e-05,7.164785138333333e-06,0.0008132546688000001,1.49245033e-07,2.8739819491333335e-07,7.095339908366666e-07,6.72913709e-08,3.307719962666667e-08,1.697409886666667e-08,1.2053591080666667e-07,8.946031442333334e-08,6.0272877534e-09,3.714591233166667e-08,0.5192851799999999,0.4797861833333334,1.2070005333333333e-09,6.014100820033334e-09,1.7625054146666666e-06
140,1behA_2_1500_A,1behA_2_1500,A,141,SER,ALA,0.21623285466666667,0.7289631666666668,1.473,0.7289631666666668,4.0334626e-06,0.0017729783566666666,0.009639782133333333,0.0076295915666666665,3.4897114e-05,7.465742733333334e-05,0.027484943883333335,0.00025607894068666666,0.0009279296666666667,0.00026209591799999997,1.1285899933333335e-05,0.00021830834246666666,0.00013935917866666667,0.001704292001,0.21623285466666667,0.0015762014566666667,2.500477455e-06,3.3697079066666665e-05,0.00303132024
141,1behA_2_1500_A,1behA_2_1500,A,142,ASP,SER,0.07179148666666667,0.5387113266666667,2.023,0.155306544,0.010448095283333333,0.012453009533333332,0.07179148666666667,0.0025547259666666667,0.020252768933333335,0.07346923200000001,0.0022788233533333336,0.0018590114333333334,0.0008960502166666666,0.002972164953333333,0.026085754,0.0008910013416666666,0.0003774172333333333,0.0068914082333333335,0.5387113266666667,0.06377661666666666,9.354147166666667e-05,0.0006060309633333333,0.008285037399999999
142,1behA_2_1500_A,1behA_2_1500,A,143,SER,ALA,0.20886091466666667,0.36071930999999996,0.569,0.36071930999999996,0.005628410533333334,0.11153338233333332,0.18453865666666666,0.04841577433333333,0.0167485631,0.012350434333333334,0.0019998201866666667,0.0029496384666666668,0.0008973929999999998,0.005558668366666666,0.004691481726666666,0.007926140133333334,0.0015299350099999998,0.00013862325666666667,0.20886091466666667,0.019074631766666666,0.00013048047233333332,0.0007340177266666666,0.005573729433333333
143,1behA_2_1500_A,1behA_2_1500,A,144,ALA,VAL,0.0041682027333333335,0.5227871653333334,4.705,0.0041682027333333335,8.121045766666667e-05,0.0013697081666666667,0.00027565173666666665,0.018516410833333333,0.0006211503699999999,3.9158549e-05,7.023466333333332e-06,7.640512866666667e-05,0.05539881633333333,0.0015984578016666666,1.0747242899999999e-05,0.0006582781266666667,2.3450656166666666e-06,1.4562650499999998e-05,0.009781231,0.38458582,1.73516405e-06,5.963579543333334e-06,0.5227871653333334
144,1behA_2_1500_A,1behA_2_1500,A,145,THR,ASP,0.061741644000000005,0.5349353900000001,2.121,0.07867037666666667,0.00032594219,0.10153339300000001,0.5349353900000001,0.033541961,0.005427627220000001,0.051881963333333336,0.0004995724733333334,0.0005200641536666667,0.0030124007566666665,0.011588135466666665,0.0005938409933333333,0.0010252815533333334,5.1350667999999995e-05,0.0037752404666666667,0.075392851,0.061741644000000005,8.8977966e-06,4.645411e-05,0.035427644333333334
145,1behA_2_1500_A,1behA_2_1500,A,146,ASN,ASN,0.39859112999999996,0.39859112999999996,0.0,4.205371353333333e-06,0.10732416666666666,0.39859112999999996,0.008791100633333333,0.004386864533333334,0.3177016133333333,0.07526008766666667,1.7551320533333332e-07,0.00175374048,0.00039507079999999997,0.0024552549733333332,0.07812417433333334,0.0039181558,1.4551933666666669e-05,7.408046333333333e-07,0.00023240647,0.000381332325,6.2659116866666664e-06,5.0345082e-06,0.0006539606000000001
146,1behA_2_1500_A,1behA_2_1500,A,147,ASP,VAL,0.03426063433333334,0.334525,2.168,0.0006482375566666666,5.0198759e-05,0.05863522966666667,0.03426063433333334,0.011753117566666665,0.15632416666666668,0.05989371056666667,8.364101133333333e-07,0.0012641610500000002,0.009979503666666667,0.0004916407266666666,0.00035765934666666664,0.0047891173,1.9439011666666668e-05,1.1810317233333334e-05,0.0043626866666666665,0.32262263333333335,1.2747281166666666e-06,8.8975936e-06,0.334525
147,1behA_2_1500_A,1behA_2_1500,A,148,LEU,HIS,0.005191149083333333,0.6388391866666666,5.228,3.0350273666666666e-08,0.019801052259999997,0.0067894429000000004,0.0024416333833333333,3.6707269e-05,0.03716811533333334,0.002178963533333333,2.7610777966666666e-08,0.6388391866666666,5.236479913333334e-07,0.005191149083333333,0.19647704,0.00120439838,0.03257571766666667,5.2348774666666667e-08,1.4377866766666668e-06,1.0596633333333334e-07,0.03064048966666667,0.026653924666666665,3.5605262e-08
148,1behA_2_1500_A,1behA_2_1500,A,149,ALA,THR,0.06137074133333334,0.69003836,2.954,0.06137074133333334,0.0016469750303333332,0.03991537913333334,0.007223751513333334,0.019279938166666667,0.0027801426,0.0009061825466666666,0.0010359875033333333,0.00015467264166666667,0.007259701776666666,0.0023654543733333338,0.0021751085356,0.003758769933333333,2.450563e-05,0.09660256866666667,0.04333433933333333,0.69003836,2.53195464e-06,1.2796741973333332e-05,0.02011204273333333
149,1behA_2_1500_A,1behA_2_1500,A,150,GLU,GLU,0.7599988866666667,0.7599988866666667,0.0,4.439911966666667e-06,0.00026733014,0.09808005603333332,0.015202878666666668,0.00021204132266666666,0.03300980033333333,0.7599988866666667,2.449289403333334e-07,0.00433148552,1.0026448233333334e-05,0.07461203166666668,0.004249288443333333,0.0014366936966666666,5.99360038e-05,1.2875885646666666e-06,8.4477292e-05,0.008138002033333333,7.564704756666667e-06,1.4482987333333333e-05,0.0002790235056666667
150,1behA_2_1500_A,1behA_2_1500,A,151,ARG,GLN,0.065724364,0.2526730533333333,1.33,0.09543954976666667,0.065724364,0.020984323,0.006597146566666667,0.0047833628000000005,0.2526730533333333,0.17713237999999998,0.012843688633333331,0.004593512616666667,5.618695233333333e-05,0.16418944266666666,0.12847172333333334,0.04234935333333333,0.0008261807766666668,1.2268217766666665e-05,0.019196262000000002,0.003230176533333333,0.00013492798233333332,0.0004963575766666667,0.0002657671766666667
151,1behA_2_1500_A,1behA_2_1500,A,152,PHE,TRP,0.25046253,0.37308699,0.376,5.385108500000001e-07,0.011678158223333332,5.543529066666667e-06,8.493521533333335e-07,1.6489226333333336e-06,0.019763663033333333,0.0037735651933333333,1.74657592e-07,0.0016217132333333332,6.7162622e-05,0.0008084400966666666,0.00114317849,0.0037873391,0.25046253,1.55666638e-07,6.791371433333333e-07,6.974844146666666e-06,0.37308699,0.33375924,3.1435346999999996e-05
152,1behA_2_1500_A,1behA_2_1500,A,153,ARG,ARG,0.9961871966666668,0.9961871966666668,0.0,2.59707264e-07,0.9961871966666668,4.6879154700000006e-07,5.919620669999999e-09,2.4491540666666665e-08,5.9440143166666675e-06,2.989006793333333e-07,1.8861257833333333e-09,0.00028028446433333334,7.010028029333334e-10,2.751042063333333e-08,0.000490066202,3.3383868300000004e-06,2.6196141e-05,1.8110073316666666e-10,1.0694848199999999e-07,5.83207948e-10,0.0021242769333333334,0.0008815443666666667,1.3437627283333333e-09
153,1behA_2_1500_A,1behA_2_1500,A,154,LEU,LEU,0.6407454633333334,0.6407454633333334,0.0,1.3266252666666667e-06,0.0031581939999999996,0.033291550333333336,0.0011895373233333335,9.114364666666667e-05,0.07304068466666667,0.143381855,3.1027584666666667e-07,0.010819267566666665,0.00067566157,0.6407454633333334,0.074733532,0.018497573666666666,0.00019300841666666668,1.2545421666666667e-06,4.324261800000001e-06,2.2354459166666667e-05,2.551544666666667e-05,0.00011240028999999999,1.5042671766666668e-05
154,1behA_2_1500_A,1behA_2_1500,A,155,LEU,GLU,0.14804556533333332,0.3284511033333333,0.738,2.06467022e-05,0.0034146705533333334,0.08962378533333333,0.20784830333333335,0.0006793975466666667,0.05451921499999999,0.3284511033333333,1.7153622333333333e-06,0.00027438740666666666,0.09970083666666667,0.14804556533333332,0.02349950866666667,0.023188587333333333,7.964731466666667e-05,7.745474e-06,0.0002064248586666667,0.0037533866000000003,2.928564733333333e-05,1.8519977666666666e-05,0.016637275366666666
155,1behA_2_1500_A,1behA_2_1500,A,156,THR,HIS,3.980526110333333e-08,0.9781413999999998,19.093,2.8442538666666666e-10,2.3732175623333332e-08,0.0014258763416666667,1.4223066200000002e-07,5.005566846666666e-07,6.379646946666666e-06,3.099328086666667e-05,2.0280929566666664e-11,0.9781413999999998,6.037212370333334e-10,1.1658504866666666e-07,4.11906863e-07,5.35618462e-06,0.013114026166666667,2.100404866666667e-11,5.430564266666666e-09,3.980526110333333e-08,1.1761014603333334e-06,0.007273572333333335,1.0925151523333334e-09
156,1behA_2_1500_A,1behA_2_1500,A,157,GLN,ASN,0.14621209333333332,0.5152329333333333,1.525,0.00019706152333333335,0.014272512333333334,0.5152329333333333,0.10629365333333333,0.0008930348999999999,0.14621209333333332,0.09171402733333334,4.3292143e-06,0.027496965666666665,0.00011571936833333332,0.007216257283333333,0.07723341266666667,0.0014738985333333334,0.000447540806,8.0864346e-06,0.009542767866666666,0.0008484711866666668,9.267156133333334e-05,0.0003287536066666667,0.00037575230999999993
157,1behA_2_1500_A,1behA_2_1500,A,158,LEU,LEU,0.9924394133333333,0.9924394133333333,0.0,5.449781273333333e-06,7.143927933333334e-05,0.00017666869833333335,1.2086570266666667e-05,0.0009916188466666668,0.00577120258,7.875843866666668e-05,1.6706053324333334e-06,2.293781546e-05,9.799182e-06,0.9924394133333333,2.369836494e-05,0.00035039546,1.2633808766666668e-07,1.1509754816666667e-07,3.95007598e-05,2.574925735e-06,2.3519709100000002e-07,1.5226194043333336e-07,2.140598493333333e-06
158,1behA_2_1500_A,1behA_2_1500,A,159,SER,SER,0.8780128899999999,0.8780128899999999,0.0,0.09962711266666667,0.00016142738753333332,0.00079890062,0.006104684809999999,0.0024868044133333337,5.457243441000001e-05,0.00017378885373333332,0.00018008400133333332,7.4949159133333325e-06,2.6857343968666667e-05,1.6683960188666667e-05,0.0003705265532,1.008419445e-05,2.7568234783333336e-06,0.00015331787505666668,0.8780128899999999,0.010997885700000001,9.268711704999999e-07,4.147953433333334e-06,0.0008090541130999999
159,1behA_2_1500_A,1behA_2_1500,A,160,ASN,ASN,0.37508471666666665,0.37508471666666665,0.0,0.0012270519433333334,0.0007010498013333334,0.37508471666666665,0.20340793333333332,0.00303968559,0.0036468187000000003,0.034610222833333336,6.7044101466666665e-06,0.0019585757,0.05535528833333333,0.001109795338,0.014173278333333332,0.0005362577126666666,4.937772533333333e-05,4.4397705566666665e-05,0.0048575882666666665,0.09493503433333333,5.435584433333333e-06,7.087938033333333e-05,0.20517991666666668
160,1behA_2_1500_A,1behA_2_1500,A,161,PRO,PRO,1.0,1.0,0.0,3.848724766666667e-11,2.643855573333333e-13,2.10450457e-11,1.3231553433333331e-12,1.0768999733333334e-12,4.034063066666667e-12,2.98753495e-12,1.4466503566666667e-12,7.0609783e-14,1.1426032033333333e-12,9.094444693333334e-12,1.0549643866666667e-12,1.2415994866666666e-12,3.55961372e-15,1.0,1.5678854e-11,4.5871413333333334e-11,1.1605001766666667e-15,4.744099733333334e-15,6.482368583333333e-12
161,1behA_2_1500_A,1behA_2_1500,A,162,ILE,HIS,0.02157759055333333,0.6330893333333333,4.739,8.666109952333334e-05,0.003954714693333333,0.00730403662,0.016362638326666668,0.0004251551848333333,0.15102450886666666,0.07658245466666667,2.9048853616666667e-06,0.6330893333333333,0.02157759055333333,0.0028784638227666664,0.04839522633333334,0.008070939206666667,0.01233102989,2.1571436343333333e-05,0.00017988092623333332,0.0020962544166666665,0.0009509296320000001,0.008563961366666666,0.00610171182
162,1behA_2_1500_A,1behA_2_1500,A,163,ALA,ALA,0.7014036766666667,0.7014036766666667,0.0,0.7014036766666667,1.3640786233333334e-07,2.649723709e-07,4.6179182333333336e-07,4.207936366666667e-05,5.184187566666667e-08,7.119917606666666e-08,0.19836940223333335,8.63753634e-09,6.803175566666666e-10,5.344037093333334e-09,5.244029313333333e-08,2.459696033333333e-08,5.230998369333333e-09,1.2209741666666666e-07,0.10018054856666665,3.0687012833333333e-06,9.495344679999999e-10,2.7216099066666667e-09,3.7614040099999996e-08
163,1behA_2_1500_A,1behA_2_1500,A,164,GLY,GLY,0.9997859133333332,0.9997859133333332,0.0,0.000172769776,2.309667615533333e-09,6.906442314666667e-08,2.6821156666666666e-07,2.568340573233333e-06,5.5865394240000005e-09,1.1618266684733334e-08,0.9997859133333332,9.288329264000001e-10,3.071090252e-10,1.8347667438999999e-09,1.9458055255e-09,1.6206051073333333e-09,8.564514451e-10,7.1521334433333325e-09,3.830992144333333e-05,7.133474667566667e-08,2.1874612421333335e-10,4.0807914882666673e-10,2.2010063933e-09
164,1behA_2_1500_A,1behA_2_1500,A,165,THR,SER,0.15723628499999998,0.4412821766666666,0.795,0.016985443833333332,7.457819536666666e-06,0.2593043707666666,0.004197101,0.11829943133333333,0.00013599052133333333,3.1734517226666666e-05,1.6691067366666668e-05,0.00039920241673333337,8.898821046666667e-05,6.6581686e-06,7.371630110000001e-07,2.1649328020000003e-05,1.7879649069999997e-06,3.95559036e-06,0.4412821766666666,0.15723628499999998,2.2476743743333333e-07,1.4086536283333334e-06,0.0019787585333333334
165,1behA_2_1500_A,1behA_2_1500,A,166,CYS,ALA,0.38777830500000005,0.5128375833333333,0.853,0.5128375833333333,2.5822191233333335e-05,0.006964325583,0.0005552125394166666,0.38777830500000005,0.0001981468624666667,0.0007817024733333334,0.0009951115183333334,4.146750789333334e-05,1.3497961951666667e-05,1.4316578906666666e-05,1.6080923933333333e-05,6.73359e-05,2.2562267493333333e-06,7.260005366666667e-06,0.07832721566666667,0.010589961886,6.070855948333333e-07,1.9317837866666667e-06,0.0007818695711
166,1behA_2_1500_A,1behA_2_1500,A,167,PHE,TYR,0.037584514666666666,0.9398381466666667,3.319,1.2886118846666667e-09,4.911861700000001e-05,9.535756533333335e-07,5.579925208666667e-08,3.848229756666667e-08,8.255907933333333e-07,1.3303725237e-07,3.7791715200000003e-10,0.0008377012000000001,8.7214326e-09,1.9335960766666668e-06,2.709216366666667e-07,3.0360480900000004e-06,0.037584514666666666,9.4436176e-11,9.487054683333335e-09,6.766834850000001e-09,0.02168325114,0.9398381466666667,1.5372608052e-09
167,1behA_2_1500_A,1behA_2_1500,A,168,VAL,THR,0.0001414214766666667,0.99972321,9.149,1.0448525133333332e-06,1.7117081333333334e-09,3.7836654466666663e-07,6.734123666666667e-08,1.3420164766666668e-05,1.0186163366666667e-07,1.0554186866666668e-07,1.5109172866666668e-09,1.0316739833333333e-10,4.1841131333333335e-08,3.887878683333333e-09,1.2311824200000001e-09,7.453227116666667e-09,1.1142738833333332e-11,1.1963731666666666e-09,0.00012023151799999998,0.99972321,4.919165466666666e-12,1.6874098666666666e-11,0.0001414214766666667
168,1behA_2_1500_A,1behA_2_1500,A,169,THR,THR,0.4928548133333333,0.4928548133333333,0.0,0.0013662140753333335,4.4252969e-05,0.015502857346666668,0.0005513748237666666,0.08926468720000001,0.0001601898736666667,0.0003553036073333333,1.0842180166666664e-05,0.0087325706,0.0005744639926666666,1.2687699667666668e-05,2.0057280966666665e-05,2.4244321e-05,3.5860914400000006e-05,6.8708346933333345e-06,0.004983190183333333,0.4928548133333333,2.6021598833333334e-06,8.328660090000001e-05,0.38541364133333333
169,1behA_2_1500_A,1behA_2_1500,A,170,ASN,LYS,0.026224342166666664,0.51190273,3.465,0.000225111252,0.0038793315,0.026224342166666664,0.0009754621999999999,0.026869391000000003,0.08743977266666665,0.18311302699999998,1.815619513333333e-06,0.023814898033333334,0.010594890033333334,0.062477731333333335,0.51190273,0.04746298366666666,0.001650596406666667,1.2920360666666668e-05,0.0018161002666666666,0.0024079971,1.0391778686666668e-05,0.000375824503,0.008744675516666666
170,1behA_2_1500_A,1behA_2_1500,A,171,PRO,ALA,0.41418824333333326,0.42430305333333335,-0.031,0.42430305333333335,5.696504166666667e-08,0.00015431468966666667,9.480586466666667e-05,0.0015369471933333334,1.0507243233333333e-06,1.4897327646666668e-06,8.665565966666666e-05,1.2741725433333333e-06,6.2513213e-08,3.2553461066666666e-08,8.910508866666667e-08,8.587572233333333e-08,2.9563069783333337e-08,0.41418824333333326,0.15883036733333333,0.0007865601866666666,8.419602893333332e-09,3.2091832700000005e-08,1.4845997166666667e-05
171,1behA_2_1500_A,1behA_2_1500,A,172,ASP,ASP,0.3761661733333333,0.3761661733333333,0.0,0.00025933322533333336,1.621512221e-06,0.16143775333333335,0.3761661733333333,0.05597059333333334,6.29531271e-05,0.0003393660993333333,0.010990020942333333,3.396702923333334e-06,0.0006557878466666667,2.911625813333333e-06,1.2186081296666666e-06,1.5520695333333331e-06,1.1566828460000001e-07,4.28265835e-06,0.0039244775,0.334689336,5.763531266666667e-08,9.644351276666668e-08,0.05548889966666667
172,1behA_2_1500_A,1behA_2_1500,A,173,HIS,HIS,0.5749417666666666,0.5749417666666666,0.0,0.0001393994673333333,0.009898431899999999,0.008826254666666667,0.008850796999999999,0.00030905945466666666,0.023854031666666668,0.08395070733333332,1.45959591e-05,0.5749417666666666,0.0010326586673333334,0.0022186296466666666,0.011933632166666666,0.0029464101,0.13174159333333332,2.4948560666666667e-05,0.0008600578416666666,0.00032029735966666666,0.0262010469,0.11118593166666668,0.0007497433109999999
173,1behA_2_1500_A,1behA_2_1500,A,174,MET,MET,0.62716041,0.62716041,0.0,0.00022737394908,0.00149512873,0.010227967273333334,0.004581865888333334,0.00383122825,0.07018313333333333,0.04156573686666667,2.0130977278333336e-06,0.006387408533333333,0.04002740666666666,0.05198816466666667,0.016037325333333335,0.62716041,0.0013461975866666668,6.88519972e-06,0.00153900139,0.08485983943333335,5.24015102e-05,0.0004863854366666666,0.037994142333333335
174,1behA_2_1500_A,1behA_2_1500,A,175,VAL,VAL,0.9540305333333334,0.9540305333333334,0.0,6.570608983333333e-05,1.0636977550233333e-05,0.00012308615666666665,4.244971942333334e-05,0.000194793285,0.0017403532449999997,0.00035114450183333336,1.4289965476666665e-07,4.59934007e-06,0.00036682730776666666,8.394200991333334e-05,3.50726220641e-06,4.109737874333333e-05,2.8763978453333335e-07,6.637829189333333e-07,7.283161099999999e-05,0.04286700100000001,1.4505265712333334e-07,2.0241635276666666e-07,0.9540305333333334
175,1behA_2_1500_A,1behA_2_1500,A,176,ASN,ALA,0.051035696333333325,0.2936768966666667,1.808,0.2936768966666667,0.016313704666666668,0.051035696333333325,0.21453992,0.0088321743,0.008666415766666666,0.042204494,0.0006751417199999999,0.0004638038766666666,0.004930296753333333,0.040516225233333335,0.007045865066666666,0.005391525133333334,0.00029285421933333334,0.00046647344066666664,0.23978800999999997,0.042143356,7.3776869e-05,0.00013871556133333333,0.02280463773333333
176,1behA_2_1500_A,1behA_2_1500,A,177,PHE,HIS,0.22167666666666666,0.23636339666666664,-0.009,4.871934156666666e-05,0.012826044233333334,0.0053472855,0.0024934414566666666,0.00020384267166666668,0.08631483133333333,0.0147889048,4.2725851e-06,0.23636339666666664,0.00020367911599999998,0.0079557505,0.16919265533333336,0.021366048,0.22167666666666666,0.00013491545933333332,0.00014296384466666668,2.5592074e-05,0.014912723000000001,0.2059498753333333,4.841820146666667e-05
177,1behA_2_1500_A,1behA_2_1500,A,178,ALA,ALA,0.8990474466666667,0.8990474466666667,0.0,0.8990474466666667,3.759183475e-06,0.0004990779399999999,7.665185800000001e-05,0.0015758051633333334,0.0003126225642666667,6.691379723333333e-05,0.00018462835333333334,5.752522835333332e-06,5.858701566666666e-07,1.2609184566666667e-06,7.814134699999999e-07,2.05444e-06,1.39586275e-07,1.3243622533333335e-06,0.08796696799999999,0.009443154333333334,3.343977631e-08,1.8263897066666667e-07,0.0008108589173333333
178,1behA_2_1500_A,1behA_2_1500,A,179,ASN,VAL,0.05646692066666666,0.37074553166666663,1.297,0.0006563659366666665,0.021758611959999997,0.05646692066666666,0.0237695569,0.0029242371666666662,0.11677208,0.06676796233333333,2.1149238666666668e-05,0.09773594333333334,0.05370360723333333,0.060994902,0.02343736136666667,0.026230609866666667,0.025373058,3.7192258e-05,0.0010945288833333333,0.024280381199999996,0.011473285266666668,0.015756660666666665,0.37074553166666663
179,1behA_2_1500_A,1behA_2_1500,A,180,GLU,GLN,0.2591887,0.27610591,0.086,0.08728637533333333,0.01996639,0.012455789666666666,0.0047230163,0.0007513099666666667,0.27610591,0.2591887,1.1142545266666667e-05,0.013520102633333335,6.888021716666668e-06,0.17968613266666666,0.10219976000000001,0.0020397371333333333,0.0012686286966666666,3.2579619200000003e-06,0.038860237666666665,9.973121333333334e-05,5.609438333333333e-05,0.0017455394,2.5256649333333335e-05
180,1behA_2_1500_A,1behA_2_1500,A,181,GLU,LEU,0.05435963433333333,0.35751282666666667,1.727,2.44861613e-06,0.02700591966666667,0.0054239311666666665,0.0002169812605,8.5530077e-05,0.31826323666666667,0.05435963433333333,3.85700942e-08,2.88553385e-05,0.0028273098546666674,0.35751282666666667,0.10746485,0.124429558,2.1851772933333333e-06,1.8356769700000003e-07,6.0600976999999995e-06,0.0022453976866666663,3.3861035666666663e-06,1.1393932166666668e-06,0.00012049655666666665
181,1behA_2_1500_A,1behA_2_1500,A,182,LEU,LEU,0.7401749233333333,0.7401749233333333,0.0,0.0012774033100000002,0.0185182113,0.026379286666666665,0.010837598686666667,0.018750842466666664,0.029388693666666663,0.004592583966666667,2.9660447466666666e-05,0.0022998467999999998,0.00047025728666666666,0.7401749233333333,0.0006298214066666666,0.13977767900000002,0.00026821694666666666,3.2336459e-05,0.0031996474,0.0017748680766666667,0.0010735745433333333,0.00025783415833333334,0.0002667271523333333
182,1behA_2_1500_A,1behA_2_1500,A,183,GLN,GLN,0.7855519666666666,0.7855519666666666,0.0,0.0008595621533333334,0.004091940566666666,0.018997278633333333,0.011197497233333333,0.0004573348866666667,0.7855519666666666,0.022494812333333333,0.00027648763933333336,0.008915075666666668,1.8492699466666667e-05,0.00443138562,0.05534828566666666,0.08430079933333333,0.00024206266333333336,3.7663165399999997e-06,0.0025226265666666663,6.446454766666667e-05,5.519008766666667e-05,0.00016642181666666665,4.5399245e-06
183,1behA_2_1500_A,1behA_2_1500,A,184,LEU,GLN,0.068842747,0.32416085666666666,1.957,1.2880700666666666e-05,0.008805838733333333,0.20953473433333333,0.0045960969333333325,0.0005098944,0.32416085666666666,0.12222207133333333,3.6934219e-06,0.0038506191333333335,0.016456577666666666,0.068842747,0.19952761666666666,0.015422701166666665,0.0004854015066666667,0.00020156941933333332,0.00039471114666666667,0.020268417,8.456781300000001e-05,0.00021429123666666665,0.004404700833333333
